slug,category,file_name,favorite,underdog,fav_mean_prob,fav_std_prob,fav_min_prob,fav_max_prob,fav_prob_range,fav_cv,fav_direction_changes,fav_max_jump,fav_avg_abs_change,fav_start_prob,fav_end_prob,fav_total_change,fav_pct_active,fav_total_volume,und_mean_prob,und_std_prob,und_min_prob,und_max_prob,und_prob_range,und_cv,und_direction_changes,und_max_jump,und_avg_abs_change,und_start_prob,und_end_prob,und_total_change,und_pct_active,und_total_volume,total_volume,total_intervals,time_span_hours,avg_combined_cv,max_cv,prob_spread_start,prob_spread_end,spread_change
cbb-hpnt-wisc-2026-03-19,Mens,cbb-hpnt-wisc-2026-03-19_Wisconsin_vs_High_Point_moneyline_5m.csv,High Point Panthers,Wisconsin Badgers,0.995620625451785,0.05265249013261952,0.0599999459999946,0.999,0.9390000540000054,5.288408936760153,17,0.6839901568904853,0.00036948303709483766,0.11,0.999,0.889,1.0547014658562746,570603.620284,0.004415266306557683,0.053159752005328666,0.001,0.9499999568181752,0.9489999568181752,1203.9987695957147,15,0.6600000637000057,0.0003574109863203622,0.9,0.001,-0.899,0.6256703611011798,790998.454823,1361602.0751069998,5594,466.0833333333333,604.6435892662374,1203.9987695957147,0.79,0.998,0.20799999999999996
cbb-iowa-fl-2026-03-22,Mens,cbb-iowa-fl-2026-03-22_Florida_vs_Iowa_moneyline_5m.csv,Iowa Hawkeyes,Florida Gators,0.996394807681457,0.043131807530522225,0.1399999887999997,0.999,0.8590000112000002,4.328786862196423,9,0.5525,0.0005046186943931259,0.21,0.999,0.789,1.1168384879725086,1029832.317645,0.003638035038574202,0.04353957296321103,0.001,0.88,0.879,1196.7881700302373,10,0.5853087073569002,0.0005024704576351289,0.78,0.001,-0.779,0.5369415807560137,1234368.774122,2264201.091767,4656,387.9166666666667,600.5584784462169,1196.7881700302373,0.5700000000000001,0.998,0.42799999999999994
cbb-sanclr-uk-2026-03-20,Mens,cbb-sanclr-uk-2026-03-20_Kentucky_vs_Santa_Clara_moneyline_5m.csv,Kentucky Wildcats,Santa Clara Broncos,0.9979769714700921,0.02132409040317715,0.32,0.999,0.679,2.1367317095268463,7,0.261672509721738,0.00035567689659940873,0.55,0.999,0.44899999999999995,0.9977409638554215,897663.707427,0.0020584839963571663,0.02210610495776455,0.001,0.6899998949237672,0.6889998949237672,1073.9022016632155,5,0.28666758166346423,0.00036320843218978365,0.4699999981122951,0.001,-0.4689999981122951,0.35768072289156627,521042.5968739999,1418706.304301,5312,442.5833333333333,538.0194666863712,1073.9022016632155,0.08000000188770495,0.998,0.917999998112295
cbb-vcu-ncar-2026-03-19,Mens,cbb-vcu-ncar-2026-03-19_VCU_Rams_vs_North_Carolina_Tar_Heels_moneyline_5m.csv,VCU Rams,North Carolina Tar Heels,0.9943589739733962,0.05944969867688672,0.024,0.999,0.975,5.978695846564289,26,0.5300000728000116,0.00035773496411779256,0.4399999922123891,0.999,0.5590000077876109,1.083032490974729,1438695.780307,0.005684287623355114,0.05971894969967086,0.001,0.9769999884533636,0.9759999884533636,1050.5969024914004,26,0.5399999999999999,0.0004067354050658882,0.57,0.001,-0.569,0.7581227436823105,704697.288683,2143393.06899,5540,461.5833333333333,528.2877991689824,1050.5969024914004,0.13000000778761084,0.998,0.8679999922123891
cbb-tcu-ohiost-2026-03-19,Mens,cbb-tcu-ohiost-2026-03-19_Ohio_State_vs_TCU_moneyline_5m.csv,TCU Horned Frogs,Ohio State Buckeyes,0.9975446443812194,0.02491139084139956,0.33,0.999,0.669,2.4972707719615084,13,0.25,0.00034741539109127347,0.5099999785799988,0.999,0.4890000214200012,0.9445731598645517,605478.282781,0.0024841749221787062,0.025240158620998293,0.001,0.67,0.669,1016.0378963515907,14,0.2582939721863019,0.00034385017185572354,0.49,0.001,-0.489,0.5703083229370879,539702.36985,1145180.6526310001,5611,467.5,509.2675835617761,1016.0378963515907,0.0199999785799988,0.998,0.9780000214200012
cbb-ill-hou-2026-03-26,Mens,cbb-ill-hou-2026-03-26_Illinois_vs_Houston_moneyline_5m.csv,Illinois Fighting Illini,Houston Cougars,0.9962242960001213,0.03639437148685322,0.43,0.999,0.569,3.6532306663246437,20,0.23000000000000004,0.0003553570800270453,0.43,0.999,0.569,1.5508328546812178,1109444.1673750002,0.003832260111850876,0.03703472395982978,0.001,0.579999999536,0.578999999536,966.3937957996027,22,0.2300001209233113,0.0003530998194250214,0.57,0.001,-0.569,1.0051694428489375,3486353.934491,4595798.101866,3482,290.0833333333333,485.02351323296364,966.3937957996027,0.13999999999999996,0.998,0.8580000000000001
cbb-uconn-duke-2026-03-29,Mens,cbb-uconn-duke-2026-03-29_Duke_vs_UConn_moneyline_5m.csv,Connecticut Huskies,Duke Blue Devils,0.9912824596833252,0.08218574322278882,0.04,0.999,0.959,8.290850142657003,13,0.512,0.0006532837921824144,0.2399999989411764,0.999,0.7590000010588236,1.7964071856287425,1798819.568894,0.008778729219546687,0.08267865594160267,0.001,0.97,0.969,941.8066541739398,11,0.454,0.0006594792553036433,0.76999924524677,0.001,-0.76899924524677,1.0479041916167664,1387277.129638,3186096.698532,2672,222.58333333333334,475.0487521582984,941.8066541739398,0.5299992463055936,0.998,0.4680007536944064
cbb-pur-arz-2026-03-28,Mens,cbb-pur-arz-2026-03-28_Arizona_vs_Purdue_moneyline_5m.csv,Arizona Wildcats,Purdue Boilermakers,0.9968630747908095,0.02888156760940486,0.489999999069,0.999,0.5090000009310001,2.897245202453268,11,0.14,0.000349811199220277,0.8,0.999,0.19899999999999995,1.7501715854495539,2553251.347938,0.0031777377314664798,0.029315980791085827,0.001,0.52,0.519,922.542489922758,10,0.15000000000000002,0.0003720984674864147,0.2,0.001,-0.199,1.1324639670555936,1161580.761345,3714832.109283,2914,242.75,462.71986756260566,922.542489922758,0.6000000000000001,0.998,0.3979999999999999
cbb-stjohn-duke-2026-03-27,Mens,cbb-stjohn-duke-2026-03-27_Duke_vs_St_John's_moneyline_5m.csv,Duke Blue Devils,St. Johns Red Storm,0.9965848349380558,0.03088097203048059,0.38,0.999,0.619,3.09867970571718,11,0.22999990869982745,0.00047454979280297236,0.6099999786499901,0.999,0.3890000213500099,1.5823766677008997,1400314.4486139999,0.0034455158303218596,0.031149113874589997,0.001,0.61,0.609,904.0479106340438,10,0.22,0.00046213535938691527,0.39,0.001,-0.389,0.8997828110456096,937590.666968,2337905.115582,3223,268.5,453.57329516988045,904.0479106340438,0.2199999786499901,0.998,0.7780000213500099
cbb-tenn-vir-2026-03-22,Mens,cbb-tenn-vir-2026-03-22_Tennessee_vs_Virginia_moneyline_5m.csv,Tennessee Volunteers,Virginia Cavaliers,0.9975912689583829,0.02085167890244809,0.58,0.999,0.41900000000000004,2.0902026261937916,14,0.20000000000000007,0.00026519689722296345,0.69999999965,0.999,0.29900000034999996,1.2839717526214423,614517.057205,0.0024442541565051416,0.021357921900114225,0.001,0.4299999986383333,0.4289999986383333,873.8011897523922,14,0.20999999863833332,0.0002673373248404992,0.309999998016,0.001,-0.308999998016,0.5991868178900064,783763.936971,1398280.994176,4673,389.3333333333333,437.945696189293,873.8011897523922,0.39000000163400006,0.998,0.6079999983659999
cbb-tenn-iowast-2026-03-27,Mens,cbb-tenn-iowast-2026-03-27_Tennessee_vs_Iowa_State_moneyline_5m.csv,Tennessee Volunteers,Iowa State Cyclones,0.9934648689113343,0.05487629381651719,0.32,0.999,0.679,5.523727666047428,19,0.16000000000000003,0.0003680425195997471,0.39,0.999,0.609,2.063144732728978,2826586.2698759995,0.006599058129140878,0.055402555500572416,0.001,0.68,0.679,839.5524697065398,20,0.16000008210527308,0.0003749218299796616,0.62,0.001,-0.619,1.437949359174742,1660509.939954,4487096.209829999,3199,266.5,422.5380986862936,839.5524697065398,0.22999999999999998,0.998,0.768
cbb-sfl-lou-2026-03-19,Mens,cbb-sfl-lou-2026-03-19_Louisville_vs_South_Florida_moneyline_5m.csv,Louisville Cardinals,South Florida Bulls,0.997885223366598,0.01770402408569009,0.5799999953599991,0.999,0.41900000464000087,1.774154348729751,18,0.08999999999999997,0.00013260760058026767,0.6199998511998869,0.999,0.3790001488001131,1.284796573875803,939057.734445,0.0021577353517820007,0.018189639719245893,0.001,0.42,0.419,842.9967884719358,23,0.09,0.0001491179590526071,0.389999998245,0.001,-0.388999998245,0.7494646680942184,1504971.3613670003,2444029.0958120003,5604,466.9166666666667,422.3854714103328,842.9967884719358,0.2299998529548869,0.998,0.7680001470451131
cbb-ill-iowa-2026-03-28,Mens,cbb-ill-iowa-2026-03-28_Iowa_vs_Illinois_moneyline_5m.csv,Illinois Fighting Illini,Iowa Hawkeyes,0.9966743554066184,0.02690073925847017,0.61,0.999,0.389,2.6990500069097627,16,0.14,0.0003322021443145123,0.7199998617599712,0.999,0.2790001382400288,1.8656716417910446,1246975.4219010002,0.0034002712170732247,0.027713886317865217,0.001,0.39,0.389,815.0492872071504,12,0.15000000000000002,0.00030166283167959836,0.2899999986803449,0.001,-0.28899999868034487,1.01763907734057,1825521.156132,3072496.578033,2948,245.58333333333334,408.8741686070301,815.0492872071504,0.42999986307962634,0.998,0.5680001369203737
cbb-mst-uconn-2026-03-27,Mens,cbb-mst-uconn-2026-03-27_Michigan_State_vs_UConn_moneyline_5m.csv,Connecticut Huskies,Michigan State Spartans,0.9974447926047617,0.020637210936509495,0.5099999959805285,0.999,0.4890000040194715,2.0690078377788477,14,0.27,0.00047662384332559297,0.8999993513506501,0.999,0.09900064864934988,1.6624843161856961,2277078.4441029998,0.002598861403102342,0.0211324880403113,0.001,0.5,0.499,813.1440951443118,14,0.28,0.0004949295024099564,0.1,0.001,-0.099,0.9096612296110415,850569.589524,3127648.0336269997,3188,265.5833333333333,407.6065514910453,813.1440951443118,0.7999993513506501,0.998,0.19800064864934985
cbb-tx-pur-2026-03-26,Mens,cbb-tx-pur-2026-03-26_Texas_vs_Purdue_moneyline_5m.csv,Purdue Boilermakers,Texas Longhorns,0.997116742341283,0.02314465347040961,0.52,0.999,0.479,2.3211578431693702,15,0.23900004053335822,0.00041555120230852535,0.7,0.999,0.29900000000000004,1.4236902050113895,586745.278303,0.0029580694173283757,0.02396131683684827,0.001,0.49,0.489,810.032269577003,11,0.2589999949925925,0.00041770717649269174,0.3099999362616655,0.001,-0.3089999362616655,0.8257403189066059,1328771.210279,1915516.4885820001,3512,292.5833333333333,406.1767137100862,810.032269577003,0.39000006373833446,0.998,0.6079999362616655
cbb-mia-pur-2026-03-22,Mens,cbb-mia-pur-2026-03-22_Miami_(FL)_vs_Purdue_moneyline_5m.csv,Purdue Boilermakers,Miami Hurricanes,0.997416676010816,0.02011870630370086,0.65,0.999,0.349,2.0170814051521524,20,0.12999999440860033,0.00022546755113438124,0.75,0.999,0.249,1.3865546218487395,1929815.1237919999,0.0026145371465292233,0.02052667162934667,0.001,0.36,0.359,785.0977239545308,19,0.1500000203000009,0.0002119942289255664,0.25,0.001,-0.249,0.7773109243697479,1753342.6762110002,3683157.800003,4760,396.5833333333333,393.55740267984146,785.0977239545308,0.5,0.998,0.498
cbb-vand-nebr-2026-03-21,Mens,cbb-vand-nebr-2026-03-21_Vanderbilt_vs_Nebraska_moneyline_5m.csv,Nebraska Cornhuskers,Vanderbilt Commodores,0.9925252443719886,0.05801438130954529,0.26,0.999,0.739,5.845129042158859,45,0.6692334613355719,0.0003632552976817456,0.45,0.999,0.5489999999999999,1.6904809820889515,1013780.657716,0.00745548149705332,0.05824275841777562,0.001,0.73,0.729,781.207202255083,44,0.6799999999999999,0.00032964224682490996,0.55,0.001,-0.549,1.2681159420289856,827160.2152849999,1840940.873001,4969,414.0,393.5261656486209,781.207202255083,0.10000000000000003,0.998,0.8979999999999999
cbb-hpnt-ark-2026-03-21,Mens,cbb-hpnt-ark-2026-03-21_High_Point_vs_Arkansas_moneyline_5m.csv,Arkansas Razorbacks,High Point Panthers,0.9979746294461761,0.014738695884168164,0.61,0.999,0.389,1.4768607787501946,19,0.21999999999999997,0.00027791297010476486,0.8699999999887171,0.999,0.12900000001128287,0.9742236655165415,913844.5491889999,0.0020679926608021017,0.015286507852159051,0.001,0.39,0.389,739.1954595346558,20,0.24,0.000292123450045462,0.14,0.001,-0.139,0.6088897909478385,1266662.119706,2180506.6688949997,4927,410.5,370.336160156703,739.1954595346558,0.7299999999887171,0.998,0.2680000000112829
cbb-nebr-iowa-2026-03-26,Mens,cbb-nebr-iowa-2026-03-26_Iowa_vs_Nebraska_moneyline_5m.csv,Iowa Hawkeyes,Nebraska Cornhuskers,0.9898708037258559,0.072397916675224,0.269999998299,0.999,0.729000001701,7.313875346431023,38,0.4800001273585747,0.0005301917759522387,0.48,0.999,0.519,2.454160789844852,2224588.996704,0.010416525356531928,0.0740086395763996,0.001,0.7399995457419536,0.7389995457419536,710.4925783144254,39,0.47000000000000003,0.0005244003744855586,0.52,0.001,-0.519,1.804850535815003,1912531.778423,4137120.775127,3546,295.4166666666667,358.9032268304282,710.4925783144254,0.040000000000000036,0.998,0.958
cbb-siena-duke-2026-03-19,Mens,cbb-siena-duke-2026-03-19_Duke_vs_Siena_moneyline_5m.csv,Duke Blue Devils,Siena Saints,0.9984974447695417,0.010482671367185762,0.6369998267357005,0.999,0.36200017326429945,1.0498445861927284,6,0.14599997459594616,0.00016962844964001466,0.8079999023423876,0.999,0.1910000976576124,0.9511844938980617,1486017.034942,0.001516186057602391,0.01070653093796193,0.001,0.36875,0.36775,706.148884846799,6,0.14975000000000002,0.00016900015398175512,0.1949999721718731,0.001,-0.1939999721718731,0.5025125628140703,932545.32198,2418562.3569219997,5572,464.25,353.59936471649587,706.148884846799,0.6129999301705145,0.998,0.38500006982948554
cbb-iowa-clmsn-2026-03-20,Mens,cbb-iowa-clmsn-2026-03-20_Clemson_vs_Iowa_moneyline_5m.csv,Iowa Hawkeyes,Clemson Tigers,0.9921117928825001,0.05446824380540566,0.52,0.999,0.479,5.490131676305611,57,0.15999999999999992,0.0002731713054978622,0.53,0.999,0.469,2.183323922454357,1128218.957886,0.007909248941959088,0.05488868323873262,0.001,0.48,0.479,693.9809789971906,62,0.16,0.00027019401694907563,0.4799999827199989,0.001,-0.4789999827199989,1.5060240963855422,698011.806314,1826230.7642,5313,442.6666666666667,349.7355553367481,693.9809789971906,0.05000001728000114,0.998,0.9479999827199989
cbb-stjohn-kan-2026-03-22,Mens,cbb-stjohn-kan-2026-03-22_St_John's_vs_Kansas_moneyline_5m.csv,St. Johns Red Storm,Kansas Jayhawks,0.9939417103260724,0.04193418309868841,0.61,0.999,0.389,4.218978101334684,49,0.30744491688389386,0.0003512889270653227,0.619999999876,0.999,0.37900000012400004,2.0696937697993665,1200539.280629,0.00615624670584213,0.04272288799925336,0.001,0.4,0.399,693.9762170140187,54,0.299,0.0003445277939460579,0.39,0.001,-0.389,1.583949313621964,1170602.419285,2371141.699914,4735,394.5,349.0975975576767,693.9762170140187,0.22999999987599995,0.998,0.768000000124
cbb-lou-mst-2026-03-21,Mens,cbb-lou-mst-2026-03-21_Louisville_vs_Michigan_State_moneyline_5m.csv,Michigan State Spartans,Louisville Cardinals,0.9948742134253907,0.03527021396183705,0.65,0.999,0.349,3.5451933004073273,54,0.10999999999999999,0.00015965270220770643,0.65,0.999,0.349,2.056555269922879,2600379.193276,0.005230456016139457,0.0360975528792151,0.001,0.36,0.359,690.1416008055511,45,0.09999999999999999,0.0001659414573370525,0.36,0.001,-0.359,1.5424164524421593,2061791.253064,4662170.44634,5057,421.3333333333333,346.8433970529792,690.1416008055511,0.29000000000000004,0.998,0.708
cbb-missr-mia-2026-03-20,Mens,cbb-missr-mia-2026-03-20_Miami_(FL)_vs_Missouri_moneyline_5m.csv,Miami Hurricanes,Missouri Tigers,0.9908105427970192,0.06020759325963791,0.45,0.999,0.5489999999999999,6.0765999814328024,71,0.319999919476922,0.0003957189621432865,0.5299999650199954,0.999,0.46900003498000464,2.140151515151515,1136669.7428229998,0.0094035218358662,0.06143829355227959,0.001,0.5499999931249997,0.5489999931249997,653.354079723049,60,0.3099999931249997,0.00038617443673135614,0.48,0.001,-0.479,1.893580761219466,708483.427596,1845153.1704189999,5281,440.0,329.7153398522409,653.354079723049,0.049999965019995374,0.998,0.9480000349800046
cbb-utahst-vill-2026-03-20,Mens,cbb-utahst-vill-2026-03-20_Villanova_vs_Utah_State_moneyline_5m.csv,Utah State Aggies,Villanova Wildcats,0.9901225719516142,0.06357044209356404,0.24,0.999,0.759,6.420461859410133,67,0.44000000000000006,0.00044230790512593543,0.5499999807499988,0.999,0.4490000192500012,2.2587268993839835,1713701.216891,0.010227840562040603,0.06537652818078916,0.001,0.77,0.769,639.2016749207673,71,0.4199999817743689,0.0004141473802844539,0.46,0.001,-0.459,1.7540585930210861,1056184.125511,2769885.342402,5359,446.5,322.81106839008874,639.2016749207673,0.08999998074999876,0.998,0.9080000192500013
cbb-ucla-uconn-2026-03-22,Mens,cbb-ucla-uconn-2026-03-22_UCLA_vs_UConn_moneyline_5m.csv,Connecticut Huskies,UCLA Bruins,0.9929099210057587,0.04477656659871573,0.5899999952799998,0.999,0.4090000047200002,4.509630294897217,52,0.18000000097830182,0.00032490462478532937,0.65,0.999,0.349,2.3369449755683025,1412949.060298,0.0072172630780387576,0.04565097919148037,0.001,0.4099999582634689,0.4089999582634689,632.5248047336763,49,0.18,0.0003159918293675564,0.36,0.001,-0.359,1.9332908434246867,1802239.053631,3215188.1139289998,4707,392.1666666666667,318.51721751428676,632.5248047336763,0.29000000000000004,0.998,0.708
cbb-arz-mich-2026-04-04,Mens,cbb-arz-mich-2026-04-04_Arizona_vs_Michigan_moneyline_5m.csv,Michigan Wolverines,Arizona Wildcats,0.9946908480953679,0.03349142694440521,0.6,0.999,0.399,3.367018708228243,10,0.13999998903702915,0.0008480447415204618,0.66,0.999,0.33899999999999997,5.691964285714286,1752031.025312,0.005476562292188158,0.034484458583809385,0.001,0.4,0.399,629.6734473923264,11,0.13000000367200004,0.0008927372261927608,0.339999997824,0.001,-0.338999997824,3.125,1261788.9555600001,3013819.980872,896,74.58333333333333,316.5202330502773,629.6734473923264,0.32000000217600005,0.998,0.6779999978239999
cbb-uconn-ill-2026-04-04,Mens,cbb-uconn-ill-2026-04-04_UConn_vs_Illinois_moneyline_5m.csv,Connecticut Huskies,Illinois Fighting Illini,0.9952508418687115,0.02973688561103295,0.68,0.999,0.31899999999999995,2.987878468426927,10,0.09000017276077288,0.0005942190037445376,0.68,0.999,0.31899999999999995,5.081081081081082,871695.734586,0.004830269994538115,0.030190857238345803,0.001,0.32,0.319,625.0345689264673,11,0.1099999822073571,0.0006266235838591591,0.32,0.001,-0.319,2.1621621621621623,882379.412005,1754075.146591,925,77.0,314.0112236974471,625.0345689264673,0.36000000000000004,0.998,0.6379999999999999
cbb-uk-iowast-2026-03-22,Mens,cbb-uk-iowast-2026-03-22_Kentucky_vs_Iowa_State_moneyline_5m.csv,Iowa State Cyclones,Kentucky Wildcats,0.9912316300463674,0.050480834520911934,0.4,0.999,0.599,5.0927384670473606,80,0.14,0.0002844972862079624,0.67,0.999,0.32899999999999996,2.7010180760440474,1552675.4245800003,0.008718918276178163,0.050825705717750184,0.001,0.609999859699892,0.608999859699892,582.9359114033242,66,0.13999999711999989,0.0003033897010799107,0.3399999860273962,0.001,-0.33899998602739617,2.2453222453222454,1040845.636687,2593521.0612670006,4813,401.0,294.0143249351858,582.9359114033242,0.33000001397260387,0.998,0.6679999860273962
cwbb-vir-ga-2026-03-21,Womens,cwbb-vir-ga-2026-03-21_Georgia_vs_Virginia_moneyline_5m.csv,Virginia Cavaliers,Georgia Bulldogs,0.9960951452053527,0.041440900142463884,0.21,0.999,0.789,4.16033552035037,14,0.43000000000000005,0.0003225098867887986,0.42,0.999,0.579,0.438159729137622,8700.255449,0.01983194778687451,0.10567809512402161,0.001,0.8299993657540049,0.8289993657540049,532.8679575990168,24,0.5499999890384591,0.00039376911427811754,0.55,0.001,-0.549,0.44608223429014743,1332.274687,10032.530136000001,5156,429.5833333333333,268.5141465596836,532.8679575990168,0.13000000000000006,0.998,0.8679999999999999
cbb-wrght-vir-2026-03-20,Mens,cbb-wrght-vir-2026-03-20_Virginia_vs_Wright_State_moneyline_5m.csv,Virginia Cavaliers,Wright State Raiders,0.9970873244308986,0.015110215151277308,0.6199999947071377,0.999,0.37900000529286226,1.515435487047403,70,0.289999989998702,0.0002901797521753643,0.93,0.999,0.06899999999999995,2.1634615384615383,830486.500509,0.0030547634704918896,0.016120173161134257,0.001,0.41,0.409,527.7060995671303,63,0.30999999999999994,0.0003236491703227418,0.07,0.001,-0.069,1.2580943570767806,631194.874563,1461681.375072,5408,450.5833333333333,264.61076752708885,527.7060995671303,0.8600000000000001,0.998,0.1379999999999999
cbb-txtech-ala-2026-03-22,Mens,cbb-txtech-ala-2026-03-22_Texas_Tech_vs_Alabama_moneyline_5m.csv,Alabama Crimson Tide,Texas Tech Red Raiders,0.9786162223987004,0.09875771598542361,0.48,0.999,0.519,10.091567432160193,110,0.12,0.0002202029855445941,0.4899999615686154,0.999,0.5090000384313846,4.459655673096868,1693377.4866690002,0.021660151977239944,0.10006056913306421,0.001,0.52,0.519,461.95691165143194,143,0.12,0.00024184269730755564,0.52,0.001,-0.519,4.231487243310516,1341612.2296469999,3034989.716316,4821,401.6666666666667,236.02423954179608,461.95691165143194,0.0300000384313846,0.998,0.9679999615686155
cbb-utahst-arz-2026-03-22,Mens,cbb-utahst-arz-2026-03-22_Arizona_vs_Utah_State_moneyline_5m.csv,Arizona Wildcats,Utah State Aggies,0.9953549200374675,0.021424927044769632,0.8199999998605185,0.999,0.17900000013948147,2.152491198211302,92,0.04599998894153945,0.000135611234720975,0.8599999996955752,0.999,0.13900000030442483,3.415758591785415,3888928.873771,0.004810236431547603,0.022371380052590158,0.001,0.19,0.189,465.0785958434186,91,0.04999999999999999,0.00019616466890346284,0.14,0.001,-0.139,2.5775356244761105,4863938.9813870005,8752867.855158001,4772,397.5833333333333,233.61554352081495,465.0785958434186,0.7199999996955752,0.998,0.27800000030442484
cbb-txam-stmry-2026-03-19,Mens,cbb-txam-stmry-2026-03-19_Saint_Mary's_vs_Texas_A&M_moneyline_5m.csv,Texas A&M Aggies,Saint Marys Gaels,0.9743824894699906,0.11662553842844464,0.4,0.999,0.599,11.969174291287027,147,0.18000000000000005,0.0001857202480397119,0.41,0.999,0.589,3.2308494007295465,505632.86657199997,0.026115317353195854,0.1184840907804088,0.001,0.6,0.599,453.6957724004428,121,0.18000008203391413,0.00020479449642787746,0.6,0.001,-0.599,2.5008683570684265,267773.195618,773406.06219,5758,479.75,232.8324733458649,453.6957724004428,0.19,0.998,0.808
cbb-tx-byu-2026-03-19,Mens,cbb-tx-byu-2026-03-19_BYU_vs_Texas_moneyline_5m.csv,Texas Longhorns,BYU Cougars,0.9745759179306192,0.1133504117083518,0.41,0.999,0.589,11.630742112839824,143,0.15000000000000002,0.000240439251772477,0.4399998063998915,0.999,0.5590001936001086,3.0387220003472826,953167.274486,0.025994442881706308,0.115195306843188,0.001,0.59,0.589,443.15359004772955,175,0.13,0.0002238246789653378,0.57,0.001,-0.569,3.194444444444444,1220870.9304189999,2174038.2049049996,5760,479.9166666666667,227.39216608028468,443.15359004772955,0.13000019360010845,0.998,0.8679998063998915
cbb-troy-nebr-2026-03-19,Mens,cbb-troy-nebr-2026-03-19_Nebraska_vs_Troy_moneyline_5m.csv,Nebraska Cornhuskers,Troy Trojans,0.9959793443718032,0.017927520123662746,0.8499999715718978,0.999,0.14900002842810223,1.7999891488683653,116,0.04999999999999993,5.646335336083503e-05,0.8899999670368429,0.999,0.10900003296315708,2.7618551328817094,960605.972425,0.0042967953336403245,0.01945471945982291,0.001,0.1699999870799997,0.1689999870799997,452.7727748051828,95,0.039340091588711795,5.9569852143102736e-05,0.1199998991999838,0.001,-0.1189998991999838,2.2052439659663134,510642.23275900004,1471248.205184,5759,479.8333333333333,227.28638197702557,452.7727748051828,0.7700000678368591,0.998,0.22799993216314085
cbb-mcnst-vand-2026-03-19,Mens,cbb-mcnst-vand-2026-03-19_Vanderbilt_vs_McNeese_moneyline_5m.csv,Vanderbilt Commodores,McNeese State Cowboys,0.9936494176985434,0.02825323353943481,0.66,0.999,0.33899999999999997,2.8433804756685688,79,0.15000000000000002,0.00019954855096862098,0.8499999971666657,0.999,0.14900000283333426,2.604618857440528,1156306.581463,0.006598871066320155,0.029557928659082956,0.001,0.3499999986,0.34899999859999997,447.9240215791315,81,0.1,0.00022212577722137945,0.16,0.001,-0.159,2.4830699774266365,1020280.422511,2176587.003974,5759,479.8333333333333,225.38370102740004,447.9240215791315,0.6899999971666657,0.998,0.3080000028333343
cbb-stlou-ga-2026-03-19,Mens,cbb-stlou-ga-2026-03-19_Georgia_vs_Saint_Louis_moneyline_5m.csv,Saint Louis Billikens,Georgia Bulldogs,0.9725390606744797,0.11809860983811564,0.4299998279998968,0.999,0.5690001720001032,12.143328182233766,164,0.15000005680010908,0.00015159021636045657,0.4299998279998968,0.999,0.5690001720001032,3.5243055555555554,1176688.045097,0.02765595452898376,0.11941126461170255,0.001,0.58,0.579,431.77415730329676,163,0.16000006815790638,0.0001839512331115555,0.5799998846782506,0.001,-0.5789998846782506,3.28238971865231,955047.630195,2131735.675292,5760,479.9166666666667,221.95874274276525,431.77415730329676,0.1500000566783538,0.998,0.8479999433216462
cwbb-wash-tcu-2026-03-22,Womens,cwbb-wash-tcu-2026-03-22_Washington_vs_TCU_moneyline_5m.csv,TCU Horned Frogs,Washington Huskies,0.993878472742543,0.036830209545285764,0.34,0.999,0.659,3.7057055319505205,32,0.30999999999999994,0.00046534214193686595,0.83,0.999,0.16900000000000004,1.1647606946209235,33909.914546,0.0126194937212734,0.05129643914456841,0.001,0.6599999995776,0.6589999995776,406.4857139085943,23,0.2877391382892241,0.000471305612694724,0.2,0.001,-0.199,0.8203445447087777,52571.711971000004,86481.626517,4876,406.25,205.0957097202724,406.4857139085943,0.6299999999999999,0.998,0.3680000000000001
cbb-hawaii-ark-2026-03-19,Mens,cbb-hawaii-ark-2026-03-19_Arkansas_vs_Hawaii_moneyline_5m.csv,Arkansas Razorbacks,Hawaii Rainbow Warriors,0.9958886356051397,0.016232581419119946,0.9,0.999,0.09899999999999998,1.6299594993627389,77,0.02000000004906677,3.629733396876126e-05,0.91,0.999,0.08899999999999997,2.2573363431151243,223166.145141,0.004425057184311638,0.01785825983751331,0.001,0.1,0.099,403.5712781481567,38,0.01999998118134881,5.663997290535422e-05,0.1,0.001,-0.099,1.9621462059385308,366306.52670100005,589472.671842,5759,479.8333333333333,202.6006188237597,403.5712781481567,0.81,0.998,0.18799999999999994
cbb-tx-gnzg-2026-03-21,Mens,cbb-tx-gnzg-2026-03-21_Texas_vs_Gonzaga_moneyline_5m.csv,Texas Longhorns,Gonzaga Bulldogs,0.9799800897095838,0.11274490009080568,0.18,0.999,0.819,11.504815380914271,108,0.269,0.0003014591912900987,0.31,0.999,0.6890000000000001,2.897693672383205,853466.5014339999,0.029099329603860108,0.112817486034724,0.01,0.82,0.8099999999999999,387.69788710100886,84,0.27,0.00025428773289691467,0.68,0.01,-0.67,2.60149783208514,1107259.947736,1960726.44917,5074,422.75,199.60135124096158,387.69788710100886,0.37000000000000005,0.989,0.619
cbb-akron-txtech-2026-03-20,Mens,cbb-akron-txtech-2026-03-20_Texas_Tech_vs_Akron_moneyline_5m.csv,Texas Tech Red Raiders,Akron Zips,0.9849013806280608,0.05808746174545516,0.7099999709611285,0.999,0.28900002903887145,5.897794732342991,142,0.10999999999999999,0.00024394206156979983,0.75,0.999,0.249,4.32923570283271,1050014.411443,0.015444145971139783,0.05948974413132897,0.001,0.3,0.299,385.1928377425108,192,0.11000000810000012,0.00024216071418889422,0.26,0.001,-0.259,4.34705148761803,950814.9507419999,2000829.362185,5613,467.6666666666667,195.5453162374269,385.1928377425108,0.49,0.998,0.508
cbb-ndkst-mst-2026-03-19,Mens,cbb-ndkst-mst-2026-03-19_Michigan_State_vs_North_Dakota_State_moneyline_5m.csv,Michigan State Spartans,North Dakota State Bison,0.9965287114292067,0.012894149479504211,0.91,0.999,0.08899999999999997,1.2939064706938161,121,0.05999999999999994,5.400274360314996e-05,0.93,0.999,0.06899999999999995,2.256944444444444,446028.86468099995,0.0037552575094205363,0.01436693724592378,0.001,0.1,0.099,382.5819457089829,43,0.049999918999991906,5.5489992343364636e-05,0.08,0.001,-0.079,2.03125,544445.624517,990474.4891979999,5760,479.9166666666667,191.93792608983836,382.5819457089829,0.8500000000000001,0.998,0.1479999999999999
cbb-tcu-duke-2026-03-21,Mens,cbb-tcu-duke-2026-03-21_Duke_vs_TCU_moneyline_5m.csv,Duke Blue Devils,TCU Horned Frogs,0.9923141375813386,0.028617700669966276,0.75,0.999,0.249,2.8839355992366404,164,0.13,0.0001628398399078865,0.87,0.999,0.129,4.1515209489190745,3530467.6063750004,0.00809489031937093,0.03035855734333481,0.001,0.25,0.249,375.0335847131532,147,0.13,0.0001647537491878125,0.14,0.001,-0.139,2.8697149416491294,3767374.1682689996,7297841.774644,5227,435.5,188.9587601561949,375.0335847131532,0.73,0.998,0.268
cbb-uconn-mich-2026-04-06,Mens,cbb-uconn-mich-2026-04-06_UConn_vs_Michigan_moneyline_5m.csv,Michigan Wolverines,Connecticut Huskies,0.9856904382525379,0.05352235114054089,0.6799999727999957,0.999,0.3190000272000043,5.429935105734306,14,0.09000002720000433,0.0020031810063205983,0.729999999672311,0.999,0.269000000327689,17.027863777089784,1831912.7837999999,0.014822245906827243,0.055202701820757566,0.001,0.33,0.329,372.43142616687237,14,0.09000000000000002,0.0019187223341434767,0.28,0.001,-0.279,12.38390092879257,1376388.5050400002,3208301.28884,323,26.833333333333332,188.93068063630335,372.43142616687237,0.44999999967231097,0.998,0.548000000327689
cwbb-vir-iowa-2026-03-23,Womens,cwbb-vir-iowa-2026-03-23_Virginia_vs_Iowa_moneyline_5m.csv,Virginia Cavaliers,Iowa Hawkeyes,0.936529043393945,0.22485792384480002,0.05,0.999,0.949,24.00971175756852,50,0.5499999431998909,0.000673909219451392,0.1399999304242348,0.999,0.8590000695757651,1.3888888888888888,67915.11030199999,0.06755711181077413,0.23311588397634067,0.001,0.93,0.929,345.06490542297416,36,0.4899999876014757,0.0006706498602389079,0.88,0.001,-0.879,1.530077551875917,33200.888934,101115.99923599999,4771,397.5,184.53730859027135,345.06490542297416,0.7400000695757651,0.998,0.25799993042423486
cbb-tenn-mich-2026-03-29,Mens,cbb-tenn-mich-2026-03-29_Michigan_vs_Tennessee_moneyline_5m.csv,Michigan Wolverines,Tennessee Volunteers,0.9839908272004222,0.05702712071840536,0.75,0.999,0.249,5.795493122700615,136,0.12,0.0002151033527141601,0.7599999087998286,0.999,0.2390000912001714,7.65235457063712,2923181.9325980004,0.01649138438699501,0.058844377054662014,0.001,0.26,0.259,356.81890418530463,85,0.12000000000000001,0.00027337665240743833,0.25,0.001,-0.249,6.1288088642659275,3319888.224087,6243070.156685,2888,240.58333333333334,181.30719865400263,356.81890418530463,0.5099999087998286,0.998,0.4880000912001714
cwbb-ncst-mich-2026-03-22,Womens,cwbb-ncst-mich-2026-03-22_NC_State_vs_Michigan_moneyline_5m.csv,Michigan Wolverines,North Carolina State Wolfpack,0.9920811387289983,0.026080929468124146,0.8299999981803946,0.999,0.1690000018196054,2.628910927743032,42,0.08000000000000007,7.527828998251275e-05,0.8699999884659005,0.999,0.12900001153409946,1.402884805374432,8348.3199,0.007080155449257154,0.025140924295426154,0.001,0.1899999907533331,0.1889999907533331,355.0900043877416,34,0.1486935807976566,0.00013944608805551152,0.1199999076922899,0.001,-0.1189999076922899,0.5990415335463258,2462.27307,10810.592970000002,5061,421.6666666666667,178.85945765774233,355.0900043877416,0.7500000807736107,0.998,0.2479999192263893
cwbb-uk-wvir-2026-03-23,Womens,cwbb-uk-wvir-2026-03-23_Kentucky_vs_West_Virginia_moneyline_5m.csv,Kentucky Wildcats,West Virginia Mountaineers,0.9715954807746536,0.12566146938924,0.36,0.999,0.639,12.93351727913041,24,0.27,0.0004754538085266114,0.4,0.999,0.599,1.0663764961915125,28512.332432000003,0.050356012939482934,0.16649008330497164,0.001,0.69,0.689,330.62602375818915,30,0.299,0.0005785110753301364,0.52,0.001,-0.519,0.6916788933137707,29728.856143,58241.18857500001,4771,397.5,171.77977051865977,330.62602375818915,0.12,0.998,0.878
cbb-miaoh-tenn-2026-03-20,Mens,cbb-miaoh-tenn-2026-03-20_Tennessee_vs_Miami_(Ohio)_moneyline_5m.csv,Tennessee Volunteers,Miami (OH) RedHawks,0.9872398434846893,0.04286602365433712,0.7799999951066493,0.999,0.2190000048933507,4.342007055046691,162,0.05000078020082699,9.486000891638144e-05,0.82,0.999,0.17900000000000005,3.8325679971741433,2072933.511649,0.013361229537469115,0.045016342469643755,0.001,0.24,0.239,336.9176642269612,251,0.06999994669999521,0.00016584352221623154,0.19,0.001,-0.189,4.34398728589087,2625011.0684860004,4697944.580135001,5663,471.8333333333333,170.62983564100395,336.9176642269612,0.6299999999999999,0.998,0.3680000000000001
cbb-kenest-gnzg-2026-03-19,Mens,cbb-kenest-gnzg-2026-03-19_Gonzaga_vs_Kennesaw_State_moneyline_5m.csv,Gonzaga Bulldogs,Kennesaw State Owls,0.9967455704181466,0.010304977554771104,0.8499999995749999,0.999,0.14900000042500006,1.033862387815583,38,0.0899999623995128,0.00012627233006104748,0.96,0.999,0.039000000000000035,2.3962493488452856,1359938.8831930002,0.003564804540818554,0.011698417994565552,0.001,0.16,0.159,328.16435966161976,60,0.09000000159405941,0.00013573175679521386,0.05,0.001,-0.049,2.2067767158992178,1842172.156831,3202111.040024,5759,479.8333333333333,164.59911102471767,328.16435966161976,0.9099999999999999,0.998,0.08800000000000008
cbb-hofst-ala-2026-03-20,Mens,cbb-hofst-ala-2026-03-20_Alabama_vs_Hofstra_moneyline_5m.csv,Alabama Crimson Tide,Hofstra Pride,0.9876793045697749,0.03871734614826526,0.65,0.999,0.349,3.9200321368614905,270,0.1400000608000681,0.00022647192269272293,0.8599999973639839,0.999,0.13900000263601608,5.359636871508379,967940.623272,0.012883377655336791,0.04062062340851374,0.001,0.35999999892,0.35899999892,315.294827918726,261,0.13999999999999999,0.0002813001192159666,0.1499998874999718,0.001,-0.1489998874999718,4.539106145251397,2344719.185558,3312659.80883,5728,477.25,159.60743002779375,315.294827918726,0.7100001098640121,0.998,0.2879998901359879
cwbb-char-duke-2026-03-20,Womens,cwbb-char-duke-2026-03-20_Duke_vs_College_of_Charleston_moneyline_5m.csv,Duke Blue Devils,Charleston Cougars,0.998229752857854,0.004374324338464618,0.9299999961963188,0.999,0.06900000380368121,0.43820817060814593,35,0.058147237846234434,3.621125183209477e-05,0.989,0.999,0.010000000000000009,0.5019720329867335,4017.341852,0.0026543090879702184,0.008426811695651848,0.001,0.060787594467721,0.059787594467721,317.4766546158319,21,0.0430193978093765,2.969464230714004e-05,0.0173493808095218,0.001,-0.0163493808095218,0.23305844388669777,1700.3050750000002,5717.646927,5578,464.75,158.95743139322002,317.4766546158319,0.9716506191904782,0.998,0.02634938080952176
cbb-stlou-mich-2026-03-21,Mens,cbb-stlou-mich-2026-03-21_Michigan_vs_Saint_Louis_moneyline_5m.csv,Michigan Wolverines,Saint Louis Billikens,0.9898335059026173,0.031340633805022,0.8399999332449942,0.999,0.15900006675500578,3.1662530736866557,226,0.06000000116188742,0.00015804159814640604,0.87,0.999,0.129,5.172413793103448,2695290.965211,0.010734051901322471,0.03322876371590288,0.001,0.17,0.169,309.5640306323559,209,0.06,0.00019457214435422723,0.13,0.001,-0.129,4.51045104510451,3200625.896113,5895916.861323999,5454,454.4166666666667,156.3651418530213,309.5640306323559,0.74,0.998,0.258
cbb-ucf-ucla-2026-03-20,Mens,cbb-ucf-ucla-2026-03-20_UCLA_vs_UCF_moneyline_5m.csv,UCLA Bruins,UCF Knights,0.9693486290705431,0.09247568140442221,0.59,0.999,0.40900000000000003,9.539981656867068,252,0.11999981325707676,0.0003213691115696783,0.68,0.999,0.31899999999999995,5.381944444444445,2676066.719937,0.031166343922236463,0.09407079420116922,0.001,0.42,0.419,301.8345508728468,244,0.1200001125000282,0.00030965742222505637,0.32,0.001,-0.319,4.966139954853273,2340677.0897480003,5016743.809685,5760,479.9166666666667,155.68726626485693,301.8345508728468,0.36000000000000004,0.998,0.6379999999999999
cwbb-duke-ucla-2026-03-29,Womens,cwbb-duke-ucla-2026-03-29_UCLA_vs_Duke_moneyline_5m.csv,UCLA Bruins,Duke Blue Devils,0.9851481912155982,0.04308891945796767,0.54,0.999,0.45899999999999996,4.37385155270896,48,0.24999998589680272,0.00041405086169325544,0.8899999982199994,0.999,0.10900000178000058,1.73217854763491,24216.343553000002,0.015877364906971586,0.04816814740441742,0.0010362818373122,0.47,0.4689637181626878,303.3762068620548,35,0.29,0.00047407474089620854,0.12,0.0010362818373122,-0.11896371816268779,1.3499831252109349,13109.214503000001,37325.558056,3002,250.08333333333334,153.87502920738189,303.3762068620548,0.7699999982199994,0.9979637181626878,0.22796371994268838
cbb-txam-hou-2026-03-21,Mens,cbb-txam-hou-2026-03-21_Texas_A&M_vs_Houston_moneyline_5m.csv,Houston Cougars,Texas A&M Aggies,0.9824169706466074,0.05233619692011628,0.7899999947333328,0.999,0.20900000526666718,5.327289581089955,253,0.09000003387759581,0.0001417056055133575,0.79,0.999,0.20899999999999996,6.689882697947214,1757868.932488,0.018157623010856928,0.05413925818323743,0.001,0.22,0.219,298.1626953641791,219,0.07999999999999999,0.00017177007262656312,0.21,0.001,-0.209,5.535190615835777,1969580.1494289997,3727449.081917,5456,454.5833333333333,151.74499247263452,298.1626953641791,0.5800000000000001,0.998,0.4179999999999999
cbb-cabap-kan-2026-03-20,Mens,cbb-cabap-kan-2026-03-20_Kansas_vs_Cal_Baptist_moneyline_5m.csv,Kansas Jayhawks,California Baptist Lancers,0.9907067955508241,0.027634548060104167,0.88,0.999000000999,0.11900000099899999,2.78937705728965,193,0.04999999999999993,0.00014126155956569706,0.91,0.999,0.08899999999999997,5.835684062059238,1560533.7123319998,0.009851218764092166,0.029498415558236325,0.001,0.12,0.119,299.4392497480461,190,0.05,0.000139470653549966,0.1,0.001,-0.099,6.067019400352733,3106741.3138160002,4667275.026148,5672,472.5833333333333,151.11431340266788,299.4392497480461,0.81,0.998,0.18799999999999994
cbb-niowa-stjohn-2026-03-20,Mens,cbb-niowa-stjohn-2026-03-20_St._John's_vs_Northern_Iowa_moneyline_5m.csv,St. Johns Red Storm,Northern Iowa Panthers,0.9834983437963782,0.04895539183348302,0.81,0.999,0.18899999999999995,4.977679133094571,198,0.09000000000000008,9.605999955722559e-05,0.8299999899253008,0.999,0.16900001007469923,3.6284722222222223,1103467.268104,0.016866298427831786,0.050096752486056974,0.001,0.1899998783999562,0.1889998783999562,297.0228037907252,205,0.09,0.00016409719469481253,0.17,0.001,-0.169,3.8715277777777777,888634.8356250002,1992102.1037290003,5760,479.9166666666667,151.0002414619099,297.0228037907252,0.6599999899253007,0.998,0.33800001007469926
cbb-ala-mich-2026-03-27,Mens,cbb-ala-mich-2026-03-27_Michigan_vs_Alabama_moneyline_5m.csv,Michigan Wolverines,Alabama Crimson Tide,0.9809661010522572,0.05554937413412066,0.67,0.999,0.32899999999999996,5.66272107410585,179,0.1299999922599997,0.0003817469272670786,0.82,0.999,0.17900000000000005,9.067796610169491,732980.698875,0.019842814253559285,0.058073768653014765,0.001,0.34,0.339,292.6690131295153,115,0.1299999837090903,0.00036787935404630464,0.19,0.001,-0.189,8.844306301215033,839874.637608,1572855.3364829998,3540,294.9166666666667,149.16586710181056,292.6690131295153,0.6299999999999999,0.998,0.3680000000000001
cbb-vcu-ill-2026-03-21,Mens,cbb-vcu-ill-2026-03-21_VCU_Rams_vs_Illinois_moneyline_5m.csv,Illinois Fighting Illini,VCU Rams,0.9824244115804392,0.05030202517812499,0.8,0.999,0.19899999999999995,5.120192921224692,252,0.050000011298715896,0.00014287268948230786,0.81,0.999,0.18899999999999995,6.015724995428781,2657435.5021979995,0.018349824208832344,0.05256801921705459,0.001,0.2,0.199,286.4769635872149,247,0.0676323619239029,0.00018446474297502012,0.2,0.001,-0.199,5.630712979890311,2617416.2469209996,5274851.749118999,5470,455.75,145.79857825421982,286.4769635872149,0.6100000000000001,0.998,0.3879999999999999
cwbb-murst-mary-2026-03-20,Womens,cwbb-murst-mary-2026-03-20_Maryland_vs_Murray_State_moneyline_5m.csv,Maryland Terrapins,Murray State Racers,0.9982900668586783,0.0038982721780193986,0.97,0.999,0.029000000000000026,0.39049493803800944,16,0.029000000000000026,1.333719896840588e-05,0.976,0.999,0.02300000000000002,0.22006235099944985,183.167557,0.002116238868385136,0.006114818725781555,0.0011269926562779,0.0641465011882824,0.0630195085320045,288.9474726663377,15,0.0436491184597834,2.76877738824392e-05,0.0598429947065275,0.0011269926562779,-0.0587160020502496,0.16498625114573787,538.107261,721.274818,5455,454.5,144.66898380218785,288.9474726663377,0.9161570052934724,0.9978730073437221,0.08171600205024965
cwbb-syra-uconn-2026-03-23,Womens,cwbb-syra-uconn-2026-03-23_UConn_vs_Syracuse_moneyline_5m.csv,Connecticut Huskies,Syracuse Orange,0.9981225625585254,0.009620149642481928,0.5699999965799997,0.999,0.42900000342000033,0.9638244844222571,27,0.3991136584172751,0.00016572386482298777,0.88,0.999,0.119,0.7750314201927105,3434.1731739999996,0.0018177257133033795,0.005072040240355349,0.001050220502205,0.0660118606375092,0.0649616401353042,279.03221059341547,23,0.0340118606375092,1.8790402988255912e-05,0.0660118606375092,0.001050220502205,-0.0649616401353042,0.3774376179492556,1741.06444,5175.237614,4774,397.75,139.99801753891887,279.03221059341547,0.8139881393624908,0.997949779497795,0.18396164013530414
cwbb-nd-vand-2026-03-27,Womens,cwbb-nd-vand-2026-03-27_Notre_Dame_vs_Vanderbilt_moneyline_5m.csv,Notre Dame Fighting Irish,Vanderbilt Commodores,0.9254432570228388,0.20645749275876057,0.26,0.999,0.739,22.309038527433504,31,0.22886363636363638,0.0006153140106300946,0.3,0.999,0.6990000000000001,1.3336962438758846,43444.199302,0.09367602749946956,0.23641851093790556,0.001,0.7645423052302023,0.7635423052302023,252.37888203494143,50,0.38,0.00063512901146935,0.72,0.001,-0.719,1.4357883541611274,47745.823048000006,91190.02235000001,3761,313.3333333333333,137.34396028118746,252.37888203494143,0.42,0.998,0.5780000000000001
cwbb-miss-minnst-2026-03-22,Womens,cwbb-miss-minnst-2026-03-22_Ole_Miss_vs_Minnesota_moneyline_5m.csv,Minnesota Golden Gophers,Ole Miss Rebels,0.9857784018836245,0.0707497485878874,0.11,0.999,0.889,7.1770438926942255,25,0.62,0.000408167523529701,0.65,0.999,0.349,0.6565449322938038,2101.510905,0.04672624778810526,0.12463863491758358,0.016,0.869999999913,0.853999999913,266.74222908459575,27,0.45025000000000004,0.0005392409254487597,0.35,0.016,-0.33399999999999996,0.4966229638458482,3784.5206479999997,5886.031553,5034,419.4166666666667,136.95963648864497,266.74222908459575,0.30000000000000004,0.983,0.6829999999999999
cwbb-mary-ncar-2026-03-22,Womens,cwbb-mary-ncar-2026-03-22_Maryland_vs_North_Carolina_moneyline_5m.csv,North Carolina Tar Heels,Maryland Terrapins,0.9868514386680528,0.06877012427604018,0.45,0.999,0.5489999999999999,6.968640018284695,58,0.21000000000000008,0.00042769858817942504,0.56,0.999,0.43899999999999995,1.413355182302335,28475.006121,0.03646210578512005,0.09731273922747939,0.01,0.58,0.57,266.8873262585731,56,0.21999994869229939,0.0003442349573071052,0.43,0.0121365638766519,-0.4178634361233481,1.0737721216941738,30300.496087,58775.502208,5029,419.0,136.9279831384289,266.8873262585731,0.13000000000000006,0.9868634361233481,0.856863436123348
cwbb-ore-tx-2026-03-22,Womens,cwbb-ore-tx-2026-03-22_Texas_vs_Oregon_moneyline_5m.csv,Texas Longhorns,Oregon Ducks,0.9966526843761592,0.008845072881994829,0.88,0.999000000999,0.11900000099899999,0.8874779570308666,31,0.07999999999999996,4.0505828470585516e-05,0.88,0.999,0.119,0.5136309758988542,3703.143486,0.0037108850960893267,0.010082306389114178,0.001,0.06,0.059,271.6954615420267,28,0.039999954037997096,2.9107874398969166e-05,0.06,0.001,-0.059,0.35799522673031026,19070.940666000002,22774.084152000003,5062,421.75,136.29146974952877,271.6954615420267,0.8200000000000001,0.998,0.17799999999999994
cwbb-nd-ohiost-2026-03-23,Womens,cwbb-nd-ohiost-2026-03-23_Notre_Dame_vs_Ohio_State_moneyline_5m.csv,Notre Dame Fighting Irish,Ohio State Buckeyes,0.9765621523678224,0.12138074160360621,0.1799998703999637,0.999,0.8190001296000363,12.42939236476657,31,0.35,0.00043282425151961693,0.29,0.999,0.7090000000000001,1.1431083754671356,30784.118083999998,0.06693639234148534,0.17353099560618684,0.014,0.7899999968399996,0.7759999968399995,259.2476073716287,32,0.21999999016528876,0.00037300206059544635,0.7099999431998909,0.0192551733114825,-0.6907447698884084,0.9088987529063622,29493.076931000003,60277.195015000005,4731,394.1666666666667,135.83849986819763,259.2476073716287,0.4199999431998909,0.9797448266885175,0.5597448834886265
cbb-penn-ill-2026-03-19,Mens,cbb-penn-ill-2026-03-19_Illinois_vs_Penn_moneyline_5m.csv,Illinois Fighting Illini,Penn Quakers,0.9976575510365595,0.0059893675885806085,0.96,0.999,0.039000000000000035,0.6003430317705405,111,0.017999997039686022,2.240016914840398e-05,0.97,0.999,0.029000000000000026,1.8576388888888888,618765.7056579998,0.0023920588399958323,0.006209189653179476,0.001,0.0399201596806387,0.0389201596806387,259.57512203965246,116,0.0203444191189084,2.1725750443846434e-05,0.033,0.001,-0.032,1.9618055555555556,506235.021811,1125000.7274689998,5760,479.9166666666667,130.0877325357115,259.57512203965246,0.9369999999999999,0.998,0.061000000000000054
cbb-idaho-hou-2026-03-19,Mens,cbb-idaho-hou-2026-03-19_Houston_vs_Idaho_moneyline_5m.csv,Houston Cougars,Idaho Vandals,0.9977069894296401,0.005823423172699809,0.9669999661051418,0.999,0.03200003389485817,0.5836807032923453,81,0.011000006427125952,1.059218641470632e-05,0.968,0.999,0.031000000000000028,1.5625,270752.657787,0.0022892812834787194,0.005910177680155837,0.001,0.0340000001224,0.0330000001224,258.16738741579707,109,0.013999967971998099,1.2871867818090518e-05,0.033,0.001,-0.032,1.8782608695652174,278725.258733,549477.91652,5760,479.9166666666667,129.37553405954472,258.16738741579707,0.9349999999999999,0.998,0.06300000000000006
cbb-furman-uconn-2026-03-20,Mens,cbb-furman-uconn-2026-03-20_UConn_vs_Furman_moneyline_5m.csv,Connecticut Huskies,Furman Paladins,0.9942910268049767,0.01408279148636524,0.9269999508685604,0.999,0.07200004913143965,1.4163651392508727,194,0.032000001180220394,5.5740696031305927e-05,0.957,0.999,0.04200000000000004,3.229166666666667,679065.825371,0.0057796570376300125,0.01433898913068628,0.001,0.0749053166365062,0.0739053166365062,248.0941176496881,150,0.0417547817557627,5.868669937852068e-05,0.045,0.001,-0.044,2.675004342539517,666133.2545400001,1345199.079911,5760,479.9166666666667,124.75524139446948,248.0941176496881,0.9119999999999999,0.998,0.08600000000000008
cbb-tenst-iowast-2026-03-20,Mens,cbb-tenst-iowast-2026-03-20_Iowa_State_vs_Tennessee_State_moneyline_5m.csv,Iowa State Cyclones,Tennessee State Tigers,0.9964217131701775,0.008652242150222676,0.961,0.999000000000999,0.03800000000099901,0.8683313536690234,160,0.02299983909558745,2.6008783033989173e-05,0.9709996111142668,0.999,0.028000388885733196,2.6909722222222223,560066.2106219999,0.0036313190525195543,0.008894319062433516,0.001,0.039,0.038,244.93356088505308,191,0.023000000000000003,2.819901253840306e-05,0.03,0.001,-0.028999999999999998,2.9897444811402747,421144.159027,981210.369649,5760,479.9166666666667,122.90094611936105,244.93356088505308,0.9409996111142668,0.998,0.05700038888573322
cwbb-ala-lou-2026-03-23,Womens,cwbb-ala-lou-2026-03-23_Alabama_vs_Louisville_moneyline_5m.csv,Louisville Cardinals,Alabama Crimson Tide,0.9907546397940081,0.04186165339371663,0.6699998095096713,0.999,0.3290001904903287,4.225229104394631,47,0.18000010548999723,0.00036435082330394953,0.76,0.999,0.239,1.4731369150779896,23187.236597999996,0.019512467756676297,0.046935639622450814,0.01,0.36,0.35,240.54179208773596,36,0.27,0.0002892524033008773,0.25,0.01,-0.24,1.0162162162162163,22334.83885,45522.075447999996,4625,385.3333333333333,122.38351059606529,240.54179208773596,0.51,0.989,0.479
cwbb-mst-okl-2026-03-22,Womens,cwbb-mst-okl-2026-03-22_Michigan_State_vs_Oklahoma_moneyline_5m.csv,Oklahoma Sooners,Michigan State Spartans,0.979265763014561,0.07138664128182698,0.537979572294925,0.999,0.461020427705075,7.289812835084842,46,0.212020427705075,0.000257290150912651,0.71,0.999,0.28900000000000003,0.9416950510919656,7959.702523,0.03540014822581491,0.08055120253771146,0.0115653495440729,0.5299999650199954,0.5184346154759225,227.54481711172886,30,0.21,0.00029724956404139375,0.25,0.0115653495440729,-0.2384346504559271,0.5553351844506148,1810.6439650000002,9770.346488,5042,420.0833333333333,117.41731497340685,227.54481711172886,0.45999999999999996,0.987434650455927,0.5274346504559271
cbb-queen-pur-2026-03-20,Mens,cbb-queen-pur-2026-03-20_Purdue_vs_Queens_(N.C.)_moneyline_5m.csv,Purdue Boilermakers,Queens (NC) Royals,0.996411631166462,0.008094893424077218,0.966,0.999,0.03300000000000003,0.8124045495736363,173,0.010000000000000009,1.8058836453589212e-05,0.9709999980579922,0.999,0.0280000019420078,2.7604166666666665,909517.465335,0.0036667830031503297,0.008345431023453599,0.001,0.0339999935535999,0.0329999935535999,227.59544309776695,189,0.0160000000896,2.0830229523791936e-05,0.03,0.001,-0.028999999999999998,2.9171731203333913,411923.5675,1321441.032835,5760,479.9166666666667,114.2039238236703,227.59544309776695,0.9409999980579922,0.998,0.05700000194200783
cwbb-howrd-ohiost-2026-03-21,Womens,cwbb-howrd-ohiost-2026-03-21_Ohio_State_vs_Howard_moneyline_5m.csv,Ohio State Buckeyes,Howard Bison,0.997664326497099,0.004907732298338736,0.975,0.999000000999,0.024000000999000015,0.49192219948068944,23,0.01199999975224919,1.4668935213314777e-05,0.98,0.999000000999,0.01900000099900001,0.4381960927515063,1652.7714149999997,0.0025569207583029194,0.005774285473445464,0.001,0.0599999723999988,0.058999972399998796,225.8296607235484,24,0.0489999463689951,4.359623845362014e-05,0.0175872786411275,0.001,-0.0165872786411275,0.2738225629791895,1358.1985300000001,3010.969945,5478,456.4166666666667,113.16079146151453,225.8296607235484,0.9624127213588725,0.998000000999,0.035587279640127534
cwbb-lou-mich-2026-03-28,Womens,cwbb-lou-mich-2026-03-28_Louisville_vs_Michigan_moneyline_5m.csv,Michigan Wolverines,Louisville Cardinals,0.9640581493405538,0.10445349429506,0.3799999741599966,0.999,0.6190000258400035,10.834771156336314,30,0.17999999999999994,0.00043636305404041277,0.6499999790996724,0.999,0.34900002090032756,1.6776512881965249,11719.209165000002,0.06529363963288125,0.13524861603526725,0.001,0.64,0.639,207.13903650602649,43,0.3186652,0.0004549561767287641,0.41,0.001,-0.409,1.0872519706441968,11092.116225,22811.32539,3679,306.5,108.9869038311814,207.13903650602649,0.23999997909967247,0.998,0.7580000209003275
cwbb-usc-clmsn-2026-03-21,Womens,cwbb-usc-clmsn-2026-03-21_Clemson_vs_Southern_California_moneyline_5m.csv,USC Trojans,Clemson Tigers,0.9858856613804342,0.06339264295569973,0.32,0.999,0.679,6.4300197719619465,17,0.47000000000000003,0.0005143835987441068,0.7199999980799999,0.999,0.2790000019200001,0.5969574427113422,3617.833441,0.041232147920250324,0.0805353623614645,0.02,0.72,0.7,195.321772994298,19,0.43611964873765086,0.0005465914435397364,0.32,0.02,-0.3,0.46913116907487334,7298.817188999999,10916.65063,5329,444.0,100.87589638312997,195.321772994298,0.3999999980799999,0.979,0.5790000019200001
cbb-ark-arz-2026-03-26,Mens,cbb-ark-arz-2026-03-26_Arizona_vs_Arkansas_moneyline_5m.csv,Arizona Wildcats,Arkansas Razorbacks,0.9526552318087596,0.09020994413212856,0.76,0.999,0.239,9.469317033073064,362,0.040000000000000036,0.0002578368699570883,0.7799999984399996,0.999,0.21900000156000043,9.306569343065693,1442556.206558,0.04924241207511546,0.09332541110339028,0.001,0.24,0.239,189.52242014674187,329,0.03999997359999889,0.00028672163544313483,0.23,0.001,-0.229,8.64618885096701,1074484.9990969999,2517041.205655,4395,366.1666666666667,99.49586858990746,189.52242014674187,0.5499999984399996,0.998,0.4480000015600004
cwbb-south-sc-2026-03-21,Womens,cwbb-south-sc-2026-03-21_South_Carolina_vs_Southern_U._moneyline_5m.csv,South Carolina Gamecocks,Southern Jaguars,0.998484421684873,0.004554275848828345,0.9281525431763238,0.999,0.07084745682367621,0.45611886874943147,9,0.061847456823676206,1.876731856272149e-05,0.9281525431763238,0.999,0.07084745682367621,0.20630157539384847,1031.2785,0.0018530462952362286,0.0036365292418251097,0.001,0.0195121951219512,0.018512195121951198,196.24600050057143,16,0.018512195121951198,5.742234651284925e-06,0.012375,0.001,-0.011375,0.20774315391879133,3121.467242,4152.745742,5332,444.25,98.35105968466043,196.24600050057143,0.9157775431763238,0.998,0.08222245682367624
cwbb-msrst-tx-2026-03-20,Womens,cwbb-msrst-tx-2026-03-20_Texas_vs_Missouri_State_moneyline_5m.csv,Texas Longhorns,Missouri State Bears,0.9959357107746967,0.01048082143231618,0.94,0.999,0.05900000000000005,1.0523592355337463,22,0.04528376370711007,2.1773732144907095e-05,0.94,0.998,0.05800000000000005,0.32011381824648766,1762.13555,0.002551786478611589,0.004964986317434682,0.001,0.0694099842980655,0.0684099842980655,194.56903463710256,20,0.0458040151353299,2.8506295143834504e-05,0.001,0.002,0.001,0.22234574763757642,1132.833547,2894.969097,5623,468.5,97.81069693631815,194.56903463710256,0.939,0.996,0.05700000000000005
cwbb-col-ill-2026-03-21,Womens,cwbb-col-ill-2026-03-21_Illinois_vs_Colorado_moneyline_5m.csv,Illinois Fighting Illini,Colorado Buffaloes,0.968874102912784,0.10342935923778857,0.59,0.999,0.40900000000000003,10.675211456972864,33,0.12227344466172707,0.00017537984292391063,0.59,0.999,0.40900000000000003,0.6574004507888805,4221.577787,0.026852569603606727,0.04932599697476243,0.02,0.4,0.38,183.69190622314656,19,0.16,0.0001998805777318561,0.4,0.02,-0.38,0.5398920215956808,6689.890546,10911.468333,5324,443.5833333333333,97.18355884005972,183.69190622314656,0.18999999999999995,0.979,0.789
cbb-liub-arz-2026-03-20,Mens,cbb-liub-arz-2026-03-20_Arizona_vs_Long_Island_moneyline_5m.csv,Arizona Wildcats,LIU Sharks,0.9979877884919334,0.003488858897215502,0.983,0.999,0.016000000000000014,0.34958933740938275,168,0.006000002443881658,1.3215187411906384e-05,0.989,0.999,0.010000000000000009,2.9166666666666665,864084.575868,0.0020680497620047325,0.003698234710213571,0.001,0.0188211163971494,0.017821116397149398,178.8271625837748,164,0.007,1.6360504064261897e-05,0.0129003235942971,0.001,-0.011900323594297098,3.1266284523189163,1359466.9161289998,2223551.491997,5760,479.9166666666667,89.58837596059209,178.8271625837748,0.9760996764057029,0.998,0.021900323594297055
cwbb-vir-tcu-2026-03-28,Womens,cwbb-vir-tcu-2026-03-28_TCU_vs_Virginia_moneyline_5m.csv,TCU Horned Frogs,Virginia Cavaliers,0.9653485065090676,0.07006401226483569,0.64,0.999,0.359,7.25789824010854,36,0.130000480294725,0.0002243097163426287,0.8289637946660308,0.999,0.17003620533396924,1.0269220094365805,4525.147579,0.023691089732119523,0.04061734083412366,0.0158415841584158,0.38,0.3641584158415842,171.4456417724683,23,0.16999983490558251,0.00024353354980040932,0.2227387013499369,0.0158415841584158,-0.2068971171915211,0.6272697259821723,3129.27528,7654.422859,3603,300.1666666666667,89.35177000628842,171.4456417724683,0.6062250933160939,0.9831584158415843,0.3769333225254904
cwbb-uk-tx-2026-03-28,Womens,cwbb-uk-tx-2026-03-28_Texas_vs_Kentucky_moneyline_5m.csv,Texas Longhorns,Kentucky Wildcats,0.9643387834571274,0.055820239737026926,0.86,0.999,0.139,5.788447036933736,52,0.06000000000000005,0.00011055428548446476,0.88,0.999,0.119,1.1913271384322135,2394.9333739999997,0.0223207062193917,0.03768911211425423,0.001279,0.1299998985999776,0.1287208985999776,168.8526865763361,25,0.1069998985999776,9.33263707763844e-05,0.09,0.001279,-0.088721,0.7155635062611807,1574.8975300000002,3969.830904,4197,349.6666666666667,87.32056680663493,168.8526865763361,0.79,0.997721,0.20772099999999993
cbb-howrd-mich-2026-03-19,Mens,cbb-howrd-mich-2026-03-19_Michigan_vs_Howard_moneyline_5m.csv,Michigan Wolverines,Howard Bison,0.9984926608726867,0.002472781887907392,0.964,0.999,0.03500000000000003,0.24765148356184916,105,0.01100000000000001,2.891222924271815e-05,0.988,0.999,0.01100000000000001,2.7083333333333335,2283731.5737610003,0.001560205031921184,0.0027186315469608143,0.001,0.037,0.036,174.2483514242473,123,0.011000000001786098,3.1127295114695724e-05,0.013,0.001,-0.012,2.5698906060079874,2094732.4281270003,4378464.001888,5760,479.9166666666667,87.24800145390456,174.2483514242473,0.975,0.998,0.02300000000000002
cwbb-sc-ucla-2026-04-05,Womens,cwbb-sc-ucla-2026-04-05_South_Carolina_vs_UCLA_moneyline_5m.csv,UCLA Bruins,South Carolina Gamecocks,0.8413504986655034,0.2661408068318462,0.3699998630999137,0.999,0.6290001369000864,31.63257254306996,50,0.13000001804000139,0.0011026998382654793,0.3799999741599966,0.999,0.6190000258400035,7.000000000000001,39698.612441,0.2061386180405824,0.28776723260530995,0.0097458048477315,0.65,0.6402541951522686,139.59889483136897,43,0.1499998753333001,0.0011380362582440137,0.65,0.0097458048477315,-0.6402541951522686,6.25,38557.302432000004,78255.914873,976,81.25,85.61573368721946,139.59889483136897,0.27000002584000343,0.9892541951522685,0.7192541693122652
cwbb-sc-uconn-2026-04-03,Womens,cwbb-sc-uconn-2026-04-03_UConn_vs_South_Carolina_moneyline_5m.csv,South Carolina Gamecocks,Connecticut Huskies,0.6794581161611879,0.3650423397238644,0.15,0.999,0.849,53.72551023251967,28,0.2599998911999086,0.0009887700279280404,0.26,0.999,0.739,2.8992395437262357,96214.132933,0.3402012977615938,0.372379366920171,0.001,0.8799995071992903,0.8789995071992903,109.45853803918378,71,0.2428003987945528,0.0010772970471354336,0.64,0.001,-0.639,3.302752293577982,77270.730711,173484.863644,2180,181.58333333333334,81.59202413585172,109.45853803918378,0.38,0.998,0.618
cwbb-vtech-ore-2026-03-20,Womens,cwbb-vtech-ore-2026-03-20_Oregon_vs_Virginia_Tech_moneyline_5m.csv,Oregon Ducks,Virginia Tech Hokies,0.9892105062803634,0.059092238322654284,0.59,0.999,0.40900000000000003,5.973676780370373,19,0.22999998279999456,0.00013760792757669336,0.63,0.999,0.369,0.33063923585598826,409.519563,0.03735244422642667,0.05614011335345756,0.019,0.4275144466579972,0.4085144466579972,150.29836605375,14,0.231,0.00010830945145565492,0.4275144466579972,0.029,-0.3985144466579972,0.1662971175166297,917.0161050000002,1326.5356680000002,5444,453.5833333333333,78.13602141706018,150.29836605375,0.2024855533420028,0.97,0.7675144466579972
cbb-pvam-fl-2026-03-20,Mens,cbb-pvam-fl-2026-03-20_Florida_vs_Prairie_View_A&M_moneyline_5m.csv,Florida Gators,Prairie View A&M Panthers,0.9982604562535274,0.0026280109783777244,0.9729999452562548,0.999,0.026000054743745227,0.2632590484692394,185,0.006986111111111248,2.8271000754292798e-05,0.9756521739130436,0.999,0.023347826086956402,4.53823061981282,735008.7130689999,0.001792236832946476,0.0027888472570948768,0.001,0.03,0.028999999999999998,155.6070718907139,178,0.009000000000000001,2.4705793408514728e-05,0.03,0.001,-0.028999999999999998,3.69062334451704,1411871.600344,2146880.3134129997,5663,471.8333333333333,77.93516546959158,155.6070718907139,0.9456521739130436,0.998,0.05234782608695643
cwbb-duke-lsu-2026-03-27,Womens,cwbb-duke-lsu-2026-03-27_Duke_vs_LSU_moneyline_5m.csv,Duke Blue Devils,LSU Tigers,0.9304860467785305,0.2207738266712243,0.17,0.999,0.829,23.726720828923053,51,0.4,0.0007460333694068274,0.2399998714285255,0.999,0.7590001285714745,1.4676258992805755,27153.651729,0.22994525035543043,0.2854565001602076,0.06,0.84,0.78,124.14107258965883,65,0.6499998923634563,0.000830564686003985,0.83,0.09,-0.74,1.5768056968463884,23624.93218,50778.583909,3932,327.5833333333333,73.93389670929095,124.14107258965883,0.5900001285714744,0.909,0.3189998714285256
cwbb-syra-iowast-2026-03-21,Womens,cwbb-syra-iowast-2026-03-21_Iowa_State_vs_Syracuse_moneyline_5m.csv,Syracuse Orange,Iowa State Cyclones,0.9879887143724457,0.08615905235595925,0.2913752913752914,0.999,0.7076247086247086,8.72065147127577,21,0.4600000054320991,0.0002296256999071001,0.2913752913752914,0.999,0.7076247086247086,0.535183349851338,3617.898342,0.09847723003881764,0.1345899150613374,0.0484083044982699,0.7537190068525373,0.7053107023542674,136.6711015412242,25,0.5399998559995969,0.0002326782045908953,0.7537190068525373,0.07,-0.6837190068525374,0.4433307632999229,9210.555933,12828.454275,5188,432.25,72.69587650624999,136.6711015412242,0.46234371547724595,0.929,0.4666562845227541
cwbb-tx-ucla-2026-04-03,Womens,cwbb-tx-ucla-2026-04-03_UCLA_vs_Texas_moneyline_5m.csv,UCLA Bruins,Texas Longhorns,0.7452922244816514,0.2721881715489088,0.37,0.999,0.629,36.52099976465136,58,0.3271670978812382,0.0009957981718338195,0.43,0.999,0.569,3.2718894009216593,43089.338956,0.25231349500546907,0.2739441060028294,0.001,0.64,0.639,108.57291085317948,59,0.34000009784834184,0.0008652784654565349,0.57,0.001,-0.569,2.666043030869972,38513.531201,81602.870157,2170,180.75,72.54695530891541,108.57291085317948,0.13999999999999996,0.998,0.8580000000000001
cwbb-idaho-okl-2026-03-20,Womens,cwbb-idaho-okl-2026-03-20_Oklahoma_vs_Idaho_moneyline_5m.csv,Oklahoma Sooners,Idaho Vandals,0.9978247735269363,0.004347780924297731,0.97,0.999000000999,0.02900000099900002,0.4357258949314273,47,0.027000000000000024,2.4513513764701718e-05,0.988,0.999,0.01100000000000001,0.8027113806635746,2438.1395460000003,0.004218979768110069,0.005662417906899359,0.001,0.044878040400333,0.043878040400332996,134.212966596801,28,0.0294070012529046,2.0026241819742508e-05,0.018,0.0025197426796805,-0.015480257320319499,0.26182579856868565,1211.326825,3649.4663710000004,5729,477.3333333333333,67.32434624586622,134.212966596801,0.97,0.9964802573203195,0.026480257320319556
cwbb-prnce-okst-2026-03-21,Womens,cwbb-prnce-okst-2026-03-21_Oklahoma_State_vs_Princeton_moneyline_5m.csv,Oklahoma State Cowboys,Princeton Tigers,0.9645465230664461,0.09398056366226365,0.69,0.999,0.30900000000000005,9.74349722017395,51,0.22000005680010914,0.000184032135988692,0.7,0.999,0.29900000000000004,0.8742194469223908,4119.421213,0.060037819597493186,0.07479521618864354,0.03,0.3491271802948986,0.3191271802948986,124.5801674512619,28,0.178258817214312,0.0001689296854833781,0.3491271802948986,0.039,-0.3101271802948986,0.46869141357330335,14366.023715,18485.444927999997,5605,467.0,67.16183233571792,124.5801674512619,0.35087281970510137,0.96,0.6091271802948985
cwbb-minnst-ucla-2026-03-27,Womens,cwbb-minnst-ucla-2026-03-27_UCLA_vs_Minnesota_moneyline_5m.csv,UCLA Bruins,Minnesota Golden Gophers,0.9848441543338382,0.026434207906729092,0.88,0.999,0.119,2.6841006051977376,47,0.06999999999999995,7.995198411284755e-05,0.88,0.999,0.119,0.9530617107457707,2463.901241,0.015671105356588666,0.01886075687485207,0.008,0.0699999362999942,0.061999936299994195,120.35371114981601,16,0.043504705640814,2.983476492901017e-05,0.0699999362999942,0.008,-0.061999936299994195,0.4793608521970706,972.879652,3436.780893,4197,349.6666666666667,61.518905877506874,120.35371114981601,0.8100000637000058,0.991,0.18099993629999422
cwbb-bayl-duke-2026-03-22,Womens,cwbb-bayl-duke-2026-03-22_Baylor_vs_Duke_moneyline_5m.csv,Duke Blue Devils,Baylor Bears,0.9928235727988254,0.025706110891328134,0.8599999139995786,0.999,0.13900008600042135,2.589192238744006,41,0.051376947150727936,4.922604318200985e-05,0.88,0.999,0.119,0.7650493255486209,3755.8857619999994,0.022661215964068296,0.0267088241925781,0.0162858741258741,0.1608767807898003,0.1445909066639262,117.8613902931233,24,0.06067562237567091,5.292170249071946e-05,0.1399998823999811,0.0162858741258741,-0.123714008274107,0.30199315482182404,2573.6582869999997,6329.544048999999,4967,413.8333333333333,60.225291265933656,117.8613902931233,0.7400001176000189,0.9827141258741259,0.24271400827410694
cwbb-okl-sc-2026-03-28,Womens,cwbb-okl-sc-2026-03-28_South_Carolina_vs_Oklahoma_moneyline_5m.csv,South Carolina Gamecocks,Oklahoma Sooners,0.9780343098532962,0.03324444381548818,0.88,0.999,0.119,3.399108137676152,52,0.050000000000000044,8.508103437034847e-05,0.88,0.999,0.119,1.3581129378127232,3153.2435159999995,0.028651865161122995,0.03271595637988444,0.008438681141938,0.0901666098617024,0.08172792871976439,114.18438623770962,31,0.032561281056059,4.582380040156268e-05,0.0899999189999919,0.008438681141938,-0.08156123785805391,0.48484848484848486,3046.27597,6199.519485999999,4197,349.6666666666667,58.791747187692884,114.18438623770962,0.7900000810000081,0.990561318858062,0.2005612378580539
cwbb-mich-tx-2026-03-30,Womens,cwbb-mich-tx-2026-03-30_Texas_vs_Michigan_moneyline_5m.csv,Texas Longhorns,Michigan Wolverines,0.9757615975668466,0.06066680970498687,0.79,0.999,0.20899999999999996,6.217380337191511,54,0.1199999962399888,0.00013095308177718334,0.8199999835999839,0.999,0.17900001640001606,1.6278209396966332,7628.339021000002,0.05124161138152728,0.05659182975212096,0.025,0.2199999163999899,0.1949999163999899,110.44115949195627,34,0.05999993181817401,0.00014010635443518625,0.2099999640540521,0.029,-0.1809999640540521,1.3211009174311927,8852.639667,16480.978688000003,2725,227.0,58.32926991457389,110.44115949195627,0.6100000195459319,0.97,0.3599999804540681
cwbb-tenn-ncst-2026-03-20,Womens,cwbb-tenn-ncst-2026-03-20_NC_State_vs_Tennessee_moneyline_5m.csv,North Carolina State Wolfpack,Tennessee Volunteers,0.9804493471968647,0.09090994847018247,0.5199999963294116,0.9988431703204048,0.4788431739909932,9.272273853830068,18,0.2531855700982151,0.0001374653166047032,0.5199999963294116,0.9988431703204048,0.4788431739909932,0.31290263206331675,2483.780699,0.11432687253683163,0.11006116046421038,0.08,0.47,0.38999999999999996,96.26884565459707,8,0.2800001354455821,0.0001239958442191846,0.47,0.08,-0.38999999999999996,0.19207263837960536,782.948045,3266.728744,5727,477.1666666666667,52.77055975421357,96.26884565459707,0.049999996329411656,0.9188431703204049,0.8688431739909932
cwbb-fair-nd-2026-03-21,Womens,cwbb-fair-nd-2026-03-21_Notre_Dame_vs_Fairfield_moneyline_5m.csv,Notre Dame Fighting Irish,Fairfield Stags,0.9882657352547151,0.04002946341012312,0.8199999945333325,0.999,0.1790000054666675,4.050475695163705,43,0.06000005733336777,7.617820568716163e-05,0.83,0.999,0.16900000000000004,0.74487895716946,3993.2246560000003,0.045529131006389945,0.03587065653491636,0.03,0.2374365531118645,0.2074365531118645,78.786165564816,19,0.14743655311186452,7.857570900474768e-05,0.151,0.036,-0.11499999999999999,0.3538175046554935,4886.303905,8879.528561,5370,447.4166666666667,41.41832062998985,78.786165564816,0.6789999999999999,0.963,0.28400000000000003
cwbb-tcu-sc-2026-03-30,Womens,cwbb-tcu-sc-2026-03-30_South_Carolina_vs_TCU_moneyline_5m.csv,South Carolina Gamecocks,TCU Horned Frogs,0.9920548270877227,0.022839129965370537,0.8699999694736184,0.999,0.12900003052638165,2.3022044086431306,31,0.05999999999999994,0.00020473370721300855,0.92,0.999,0.07899999999999996,3.7066246056782335,11564.739464,0.024674361357228974,0.01870271682558272,0.02,0.13,0.11,75.79817996020104,39,0.0699999769230758,0.00016845606429151811,0.1,0.02,-0.08,1.2160518848804214,15478.464796000002,27043.204260000002,2536,211.25,39.05019218442209,75.79817996020104,0.8200000000000001,0.979,0.15899999999999992
cwbb-hpnt-vand-2026-03-21,Womens,cwbb-hpnt-vand-2026-03-21_Vanderbilt_vs_High_Point_moneyline_5m.csv,Vanderbilt Commodores,High Point Panthers,0.996921031368174,0.005763025913952285,0.973999998971644,0.999000000999,0.025000002027355972,0.5780824892462255,48,0.018000007984000033,2.2199147878734823e-05,0.984,0.999,0.015000000000000013,0.8543965824136703,1968.4113770000001,0.015636617814350995,0.011237807692874519,0.0126763245229029,0.0706582380801306,0.05798191355722769,71.86853209752732,24,0.05179104283731599,3.6204562067348964e-05,0.021,0.0126763245229029,-0.0083236754770971,0.24915465385299873,1096.225296,3064.636673,5619,468.1666666666667,36.223307293386775,71.86853209752732,0.963,0.9863236754770971,0.023323675477097128
cwbb-sdkst-wash-2026-03-20,Womens,cwbb-sdkst-wash-2026-03-20_Washington_vs_South_Dakota_State_moneyline_5m.csv,Washington Huskies,South Dakota State Jackrabbits,0.9908393769170312,0.047051790472003356,0.4,0.999,0.599,4.74867991403447,18,0.25999999782035876,0.00017219860797838132,0.7299998101998596,0.999,0.2690001898001404,0.27527986786566344,485.518378,0.06729273581001448,0.04177385325308164,0.06,0.52,0.46,62.0778049075319,10,0.22000007500001884,0.00012474778022381904,0.3,0.06,-0.24,0.11005135730007337,110.63250500000001,596.150883,5452,454.25,33.413242410783184,62.0778049075319,0.4299998101998596,0.9390000000000001,0.5090001898001404
cwbb-gb-minnst-2026-03-20,Womens,cwbb-gb-minnst-2026-03-20_Minnesota_vs_Green_Bay_moneyline_5m.csv,Minnesota Golden Gophers,Green Bay Phoenix,0.9964684994652024,0.013654056566831226,0.5854942246966197,0.999,0.4135057753033803,1.370244676490954,13,0.17735525346167602,0.0001974106508708984,0.96,0.999,0.039000000000000035,0.5594658003970403,15756.467867999998,0.023464150110373786,0.013881562640064252,0.0209999949127499,0.4889999874575513,0.4679999925448014,59.16073062423447,17,0.1892096818727252,0.00023561203551295893,0.05,0.0209999949127499,-0.029000005087250102,0.34289839379173437,3452.0285270000004,19208.496395,5541,461.6666666666667,30.26548765036271,59.16073062423447,0.9099999999999999,0.97800000508725,0.06800000508725013
cwbb-ill-vand-2026-03-23,Womens,cwbb-ill-vand-2026-03-23_Illinois_vs_Vanderbilt_moneyline_5m.csv,Vanderbilt Commodores,Illinois Fighting Illini,0.986665981515051,0.04785198679433083,0.52,0.999,0.479,4.849866894250562,37,0.32999999999999996,0.0001394079598052378,0.52,0.999,0.479,0.7547169811320755,4116.159963,0.04899716201992528,0.024838097848586198,0.037,0.1699998860999624,0.13299988609996238,50.69293164058255,23,0.0725373134328358,7.085613099933439e-05,0.16,0.0420000009989189,-0.1179999990010811,0.3795066413662239,1745.006839,5861.166802,4770,397.4166666666667,27.771399267416555,50.69293164058255,0.36,0.9569999990010811,0.5969999990010811
cwbb-jax-lsu-2026-03-20,Womens,cwbb-jax-lsu-2026-03-20_LSU_vs_Jacksonville_moneyline_5m.csv,LSU Tigers,Jacksonville Dolphins,0.9989983252698175,4.0889185137097135e-05,0.998,0.999,0.0010000000000000009,0.004093018386797941,8,0.0010000000000000009,7.444630560208456e-07,0.999,0.999,0.0,0.14886490509862302,830.3,0.0010517600208269353,0.0005559020388402877,0.001,0.018,0.016999999999999998,52.85445613374955,18,0.016999999999999998,8.151852162651056e-06,0.001,0.001,0.0,0.36075036075036077,46409.799775,47240.099775,5544,461.9166666666667,26.429274576068174,52.85445613374955,0.998,0.998,0.0
cwbb-miaoh-wvir-2026-03-21,Womens,cwbb-miaoh-wvir-2026-03-21_West_Virginia__vs_Miami_(Ohio)_moneyline_5m.csv,West Virginia Mountaineers,Miami (OH) RedHawks,0.9976359170768462,0.004690127845610239,0.952,0.999,0.04700000000000004,0.47012419714726106,29,0.02100000000000002,1.990140555081931e-05,0.988,0.999,0.01100000000000001,0.36509675063891933,301.536421,0.02351396229225933,0.009618170376144363,0.02,0.0569999483579951,0.0369999483579951,40.904081824230076,16,0.025285163666703102,1.808977804258274e-05,0.0519999513279968,0.02,-0.031999951327996795,0.1764602082230457,1019.6814489999999,1321.21787,5667,472.1666666666667,20.68710301068867,40.904081824230076,0.9360000486720031,0.979,0.04299995132799683
cwbb-will-ncar-2026-03-20,Womens,cwbb-will-ncar-2026-03-20_North_Carolina_vs_Western_Illinois_moneyline_5m.csv,North Carolina Tar Heels,Western Illinois Leathernecks,0.9974617202539475,0.006563066988582841,0.962,0.999,0.03700000000000003,0.6579768281144588,30,0.01894715564510563,1.8542998572520485e-05,0.97,0.999,0.029000000000000026,0.5047773571299802,2975.117207,0.013566586280562794,0.005255610088315856,0.0074046087888531,0.1200538319943777,0.1126492232055246,38.73937024117635,15,0.0908871653277111,4.78597516475979e-05,0.031,0.0123908940418152,-0.0186091059581848,0.18063583815028902,1778.568616,4753.685823,5547,462.1666666666667,19.698673534645405,38.73937024117635,0.939,0.9866091059581849,0.047609105958184905
cwbb-cabap-ucla-2026-03-21,Womens,cwbb-cabap-ucla-2026-03-21_UCLA_vs_California_Baptist_moneyline_5m.csv,UCLA Bruins,California Baptist Lancers,0.998998313027179,0.00012320677542912247,0.99,0.999,0.009000000000000008,0.012333031379780767,3,0.009000000000000008,3.374578177727787e-06,0.999,0.999,0.0,0.13120899718837864,204.04,0.030756001131453756,0.011563172222655682,0.001,0.0353093792912918,0.0343093792912918,37.59647482529898,10,0.0248155624432506,6.3732808452240465e-06,0.001,0.0353093792912918,0.0343093792912918,0.2118270079435128,46818.646973,47022.686973,5665,472.0,18.804403928339383,37.59647482529898,0.998,0.9636906207087081,-0.03430937929129185
cwbb-vill-txtech-2026-03-20,Womens,cwbb-vill-txtech-2026-03-20_Texas_Tech_vs_Villanova_moneyline_5m.csv,Texas Tech Red Raiders,Villanova Wildcats,0.9685815879183599,0.1194605866455658,0.33,0.999,0.669,12.33355951998903,22,0.23999999999999994,0.00021357644161484643,0.49,0.999,0.509,0.30685920577617326,564.543177,0.2655830324447888,0.06151606983676256,0.25,0.6999999766666597,0.4499999766666597,23.162650591976703,14,0.22999997666665972,0.00015526268198230524,0.51,0.25,-0.26,0.21660649819494585,1413.514914,1978.058091,5540,461.5833333333333,17.74810505598287,23.162650591976703,0.020000000000000018,0.749,0.729
cwbb-holy-mich-2026-03-20,Womens,cwbb-holy-mich-2026-03-20_Michigan_vs_Holy_Cross_moneyline_5m.csv,Michigan Wolverines,Holy Cross Crusaders,0.9986986085240113,0.0016563299870143472,0.985,0.999,0.014000000000000012,0.16584883295895017,46,0.011500000000000066,1.4741178758600589e-05,0.9989201412087616,0.999,7.985879123839634e-05,0.5539671193709792,20992.652893000002,0.008546744737131462,0.002498407130229948,0.001,0.0715404576607104,0.0705404576607104,29.232265699659663,27,0.0695404576607104,3.869105864274633e-05,0.001,0.0086056298030171,0.007605629803017101,0.3395282344531808,16851.387092,37844.039985,5596,466.25,14.699057266309307,29.232265699659663,0.9979201412087616,0.9903943701969828,-0.007525771011778759
cwbb-fairdk-iowa-2026-03-21,Womens,cwbb-fairdk-iowa-2026-03-21_Iowa_vs_FDU_moneyline_5m.csv,Iowa Hawkeyes,Fairleigh Dickinson Knights,0.996959550196168,0.0060799317210489465,0.903999700492726,0.999,0.09500029950727396,0.6098473824592604,47,0.08500029174986357,5.4184925872753135e-05,0.98,0.999,0.019000000000000017,0.827784775958251,2229.785645,0.0786068106737994,0.018551164086802154,0.007,0.0849254706234178,0.0779254706234178,23.599945001948132,32,0.048594965303168904,6.776076953165658e-05,0.024,0.0849254706234178,0.060925470623417806,0.41381792011514934,3082.333659,5312.119304,5558,463.0833333333333,12.104896192203697,23.599945001948132,0.956,0.9140745293765822,-0.04192547062341778
cwbb-colst-mst-2026-03-20,Womens,cwbb-colst-mst-2026-03-20_Michigan_State_vs_Colorado_State_moneyline_5m.csv,Michigan State Spartans,Colorado State Rams,0.9952285574464754,0.01744058222537668,0.66,0.999,0.33899999999999997,1.7524197929091934,37,0.1196120009856041,0.00015430801821338528,0.96,0.999,0.039000000000000035,0.6243310738494471,7465.610053,0.12432701994031795,0.021569247525531313,0.05,0.46036,0.41036,17.348801198553165,33,0.27036,0.0001902116310244206,0.06,0.13,0.07,0.47112196824288954,1642.481475,9108.091528,5731,477.5,9.55061049573118,17.348801198553165,0.8999999999999999,0.869,-0.030999999999999917
cwbb-nd-uconn-2026-03-29,Womens,cwbb-nd-uconn-2026-03-29_UConn_vs_Notre_Dame_moneyline_5m.csv,Connecticut Huskies,Notre Dame Fighting Irish,0.9969404322900965,0.006208477821405759,0.97,0.999,0.029000000000000026,0.622753137531408,62,0.01999995099904761,6.95202362706989e-05,0.97,0.999,0.029000000000000026,2.0354563361785947,28431.866635,0.019786081881514067,0.003281097724231786,0.0079981495652173,0.0446537278809976,0.0366555783157803,16.582857302825992,45,0.0236537481669983,6.515170493777355e-05,0.03,0.019,-0.011,1.1162179908076166,100683.39039799999,129115.25703299999,3046,253.75,8.6028052201787,16.582857302825992,0.94,0.98,0.040000000000000036
cwbb-verm-lou-2026-03-21,Womens,cwbb-verm-lou-2026-03-21_Louisville_vs_Vermont_moneyline_5m.csv,Louisville Cardinals,Vermont Catamounts,0.9976658074547078,0.005263736372158951,0.9689999914243492,0.999,0.03000000857565077,0.5276051692688601,33,0.028000000000000025,2.98081650539417e-05,0.9874297120045624,0.999,0.011570287995437578,0.39497307001795334,2014.922675,0.0798997900980059,0.012942445517555771,0.015,0.0830121332411962,0.0680121332411962,16.198347331927202,25,0.0330121332411962,3.0411545113828778e-05,0.0226001797679359,0.0830121332411962,0.0604119534732603,0.31906906906906907,1749.6239329999999,3764.5466079999997,5570,464.0833333333333,8.362976250598031,16.198347331927202,0.9648295322366265,0.9159878667588038,-0.04884166547782265
cwbb-gnzg-miss-2026-03-20,Womens,cwbb-gnzg-miss-2026-03-20_Ole_Miss_vs_Gonzaga_moneyline_5m.csv,Ole Miss Rebels,Gonzaga Bulldogs,0.9951623470284965,0.02110961282642087,0.86,0.999,0.139,2.1212230235049674,24,0.07999999999999996,4.822152145230517e-05,0.87,0.999,0.129,0.47662694775435377,1492.91536,0.04620875513146227,0.0059528610548374526,0.044,0.13,0.08600000000000001,12.882539332431211,8,0.05,1.653565130474258e-05,0.1299998985999776,0.0457711357255512,-0.0842287628744264,0.1130156338293464,186.408741,1679.324101,5455,454.5,7.501881177968089,12.882539332431211,0.7400001014000224,0.9532288642744488,0.21322876287442638
cwbb-nebr-bayl-2026-03-20,Womens,cwbb-nebr-bayl-2026-03-20_Baylor_vs_Nebraska_moneyline_5m.csv,Baylor Bears,Nebraska Cornhuskers,0.9804240083263094,0.06870130947272628,0.4699998777999096,0.991,0.5210001222000904,7.0073059094102454,10,0.4100001222000904,0.0001276965950628983,0.54,0.991,0.45099999999999996,0.14784697837737942,569.724661,0.8514576884753248,0.05798644794779936,0.12,0.8599999901714203,0.7399999901714203,6.810255956656361,8,0.7399999901714203,0.00023205360463140427,0.51,0.8599999901714203,0.34999999017142025,0.12939001848428835,296.48201,866.2066709999999,5411,450.8333333333333,6.908780933033303,7.0073059094102454,0.030000000000000027,0.13100000982857973,0.1010000098285797
cwbb-okst-ucla-2026-03-23,Womens,cwbb-okst-ucla-2026-03-23_UCLA_vs_Oklahoma_State_moneyline_5m.csv,UCLA Bruins,Oklahoma State Cowboys,0.996388635899697,0.015185266292012719,0.5699999965799997,0.999000000999,0.4290000044190003,1.5240304580853699,64,0.31000000342000034,0.00017745668863793898,0.88,0.999,0.119,1.0054461667364893,2986.922712,0.02025032094123744,0.002044138484809476,0.007,0.0279999736470577,0.0209999736470577,10.094351051231113,69,0.0179999736470577,1.3973858245635194e-05,0.0279999736470577,0.0206541351647113,-0.007345838482346399,1.4189041693953286,65242.89870599999,68229.82141799999,4774,397.75,5.809190754658242,10.094351051231113,0.8520000263529423,0.9783458648352887,0.12634583848234648
cwbb-usc-sc-2026-03-23,Womens,cwbb-usc-sc-2026-03-23_South_Carolina_vs_Southern_California_moneyline_5m.csv,South Carolina Gamecocks,USC Trojans,0.9961928012038784,0.011951031074549291,0.88,0.999000000999,0.11900000099899999,1.199670491505933,32,0.07999999999999996,4.841383246646885e-05,0.88,0.999,0.119,0.43988269794721413,2174.9279290000004,0.037001849861149565,0.0033708927456861924,0.019,0.05,0.031000000000000003,9.11006546520122,22,0.02,1.632640273790883e-05,0.05,0.0369999753685702,-0.013000024631429803,0.25295109612141653,852.3284480000001,3027.2563770000006,4774,397.75,5.154867978353577,9.11006546520122,0.83,0.9620000246314298,0.1320000246314298
cwbb-ncar-uconn-2026-03-27,Womens,cwbb-ncar-uconn-2026-03-27_UConn_vs_North_Carolina_moneyline_5m.csv,Connecticut Huskies,North Carolina Tar Heels,0.9959383547827949,0.006104049470112976,0.95,0.999000000999,0.04900000099900004,0.612894306238885,89,0.040000000000000036,7.273081180429984e-05,0.99,0.999,0.009000000000000008,1.7393376221110317,13663.937097,0.01900636539519241,0.0018264234716895533,0.0107132191605163,0.0401960747033832,0.0294828555428669,9.6095357198149,69,0.015302598635931999,4.037149016426153e-05,0.02,0.0194906666666666,-0.0005093333333333998,1.199616122840691,43437.405468000004,57101.342565000006,4197,349.6666666666667,5.111215013026893,9.6095357198149,0.97,0.9795093333333333,0.00950933333333337
cwbb-txtech-lsu-2026-03-22,Womens,cwbb-txtech-lsu-2026-03-22_Texas_Tech_vs_LSU_moneyline_5m.csv,LSU Tigers,Texas Tech Red Raiders,0.9967428710929908,0.010007020795074355,0.87,0.999,0.129,1.0039721462066773,44,0.07999999999999996,5.174432255737228e-05,0.88,0.999,0.119,0.6124061635717107,3045.0299300000006,0.03831223725153867,0.0032450357141291446,0.01,0.05,0.04,8.469971859967064,24,0.028681955340977595,3.746461919042058e-05,0.05,0.0386819553409776,-0.011318044659022405,0.2770083102493075,11938.036688000002,14983.066618000003,5062,421.75,4.736972003086871,8.469971859967064,0.83,0.9603180446590224,0.13031804465902241
cwbb-ri-ala-2026-03-21,Womens,cwbb-ri-ala-2026-03-21_Alabama_vs_Rhode_Island_moneyline_5m.csv,Alabama Crimson Tide,Rhode Island Rams,0.9801277776592594,0.05518537668627483,0.81,0.999,0.18899999999999995,5.630426761097264,20,0.04999999999999993,5.3593863606166316e-05,0.82,0.999,0.17900000000000005,0.35842293906810035,1374.366618,0.13013451207673737,0.0038877459206572624,0.069999981432926,0.2199998547999506,0.14999987336702458,2.9874826121181033,8,0.11000001856707399,4.189111850841212e-05,0.2199998547999506,0.13,-0.0899998547999506,0.15955325089748704,3820.953674,5195.320292,5580,464.9166666666667,4.3089546866076835,5.630426761097264,0.6000001452000494,0.869,0.2689998547999506
cwbb-jmad-uk-2026-03-21,Womens,cwbb-jmad-uk-2026-03-21_Kentucky_vs_James_Madison_moneyline_5m.csv,Kentucky Wildcats,James Madison Dukes,0.9926496593346618,0.021751272045642363,0.9,0.999,0.09899999999999998,2.191233517394392,22,0.04999999999999993,3.637071060390179e-05,0.94,0.9988385883714204,0.05883858837142042,0.5351540874700129,3589.567925,0.10856860896740964,0.00688481912620756,0.075,0.1299998985999776,0.0549998985999776,6.341445461711921,16,0.0399998985999776,3.948274831005899e-05,0.075,0.1099999785840702,0.034999978584070196,0.18467220683287164,166.005431,3755.573356,5419,451.5,4.266339489553157,6.341445461711921,0.865,0.8888386097873502,0.023838609787350196
cwbb-ucsd-tcu-2026-03-20,Womens,cwbb-ucsd-tcu-2026-03-20_TCU_vs_UC_San_Diego_moneyline_5m.csv,TCU Horned Frogs,California-San Diego Tritons,0.9983335406923322,0.0036438070789523206,0.957,0.998999998998998,0.04199999899899809,0.36498894712336166,30,0.02300000000000002,2.262806490681417e-05,0.99,0.998999998998998,0.00899999899899806,0.468384074941452,2488.276241,0.030845395689315647,0.0014109907946047095,0.0183380884450784,0.041791924085099,0.0234538356400206,4.574396804037286,14,0.010964885921834998,1.2042226037095492e-05,0.0183380884450784,0.0309999704569986,0.0126618820119202,0.18395879323031641,656.577528,3144.8537690000003,5551,462.5,2.4696928755803236,4.574396804037286,0.9716619115549215,0.9680000285419994,-0.0036618830129221402
